rank,objective_value,ring_a,ring_b,ring_c,fixed_count
1,114642.1943913550,forearm_cap_1_tilt_all_10,upperarm_cap_2_tilt_all_-10,upperarm_ring_tilt_all_45,24
2,114634.6199277683,forearm_cap_1_tilt_all_15,upperarm_cap_2_tilt_all_-10,upperarm_ring_tilt_all_45,24
3,114382.4156326922,forearm_cap_1_tilt_all_10,upperarm_cap_2_tilt_all_-15,upperarm_ring_tilt_all_45,24
4,114157.2202021756,forearm_cap_1_tilt_all_15,upperarm_cap_2_tilt_all_-10,upperarm_ring_tilt_all_60,24
5,114076.6437665998,forearm_cap_1_tilt_all_15,upperarm_cap_2_tilt_all_-15,upperarm_ring_tilt_all_45,24
6,113862.9507964396,forearm_cap_1_tilt_all_10,upperarm_cap_2_tilt_all_-10,upperarm_ring_tilt_all_60,24
7,113811.2506797039,forearm_cap_1_tilt_all_15,upperarm_cap_2_tilt_all_0,upperarm_ring_tilt_all_45,24
8,113740.1140981163,forearm_cap_1_tilt_all_10,upperarm_cap_2_tilt_all_-15,upperarm_ring_tilt_all_60,24
9,113711.8776795353,forearm_cap_1_tilt_all_15,upperarm_cap_2_tilt_all_-15,upperarm_ring_tilt_all_60,24
10,113532.6700262241,forearm_cap_1_tilt_all_10,upperarm_cap_2_tilt_all_0,upperarm_ring_tilt_all_45,24
11,113107.3588532196,forearm_cap_2_tilt_all_15,upperarm_cap_2_tilt_all_-10,upperarm_ring_tilt_all_45,24
12,113076.5776422617,forearm_cap_1_tilt_all_15,upperarm_cap_2_tilt_all_0,upperarm_ring_tilt_all_60,24
13,113053.2740498403,forearm_cap_1_tilt_all_10,upperarm_cap_1_tilt_all_-10,upperarm_ring_tilt_all_45,24
14,112953.7728009004,forearm_cap_1_tilt_all_0,forearm_cap_2_tilt_all_30,upperarm_cap_1_tilt_all_-10,24
15,112938.2186068338,forearm_cap_2_tilt_all_10,upperarm_cap_2_tilt_all_-10,upperarm_ring_tilt_all_45,24
16,112824.8025288053,forearm_cap_1_tilt_all_0,upperarm_cap_2_tilt_all_-10,upperarm_ring_tilt_all_45,24
17,112815.4642176255,forearm_cap_1_tilt_all_0,upperarm_cap_2_tilt_all_-15,upperarm_ring_tilt_all_45,24
18,112749.5536751912,forearm_cap_1_tilt_all_0,forearm_cap_2_tilt_all_30,upperarm_cap_1_tilt_all_-15,24
19,112734.0665637797,forearm_cap_1_tilt_all_0,forearm_cap_1_tilt_all_45,upperarm_cap_1_tilt_all_-10,24
20,112678.4690079671,forearm_cap_2_tilt_all_15,upperarm_cap_2_tilt_all_0,upperarm_ring_tilt_all_45,24
21,112654.4822598960,forearm_cap_1_tilt_all_10,upperarm_cap_1_tilt_all_-15,upperarm_ring_tilt_all_45,24
22,112649.8876093646,forearm_cap_1_tilt_all_10,upperarm_cap_1_tilt_all_0,upperarm_ring_tilt_all_45,24
23,112522.0554016227,forearm_cap_1_tilt_all_0,forearm_cap_1_tilt_all_45,upperarm_cap_1_tilt_all_-15,24
24,112499.4865089924,forearm_cap_1_tilt_all_10,upperarm_cap_2_tilt_all_0,upperarm_ring_tilt_all_60,24
25,112442.4386548016,forearm_cap_2_tilt_all_15,upperarm_cap_2_tilt_all_-10,upperarm_ring_tilt_all_60,24
26,112394.9728390600,forearm_cap_1_tilt_all_0,forearm_cap_1_tilt_all_30,upperarm_cap_1_tilt_all_-10,24
27,112243.9221361068,forearm_cap_1_tilt_all_15,upperarm_cap_1_tilt_all_-10,upperarm_ring_tilt_all_45,24
28,112235.1462176698,forearm_cap_1_tilt_all_30,forearm_cap_2_tilt_all_0,upperarm_cap_1_tilt_all_-10,24
29,112215.7266955093,forearm_cap_1_tilt_all_0,upperarm_ring_tilt_all_10,upperarm_ring_tilt_all_60,24
30,112198.3492388817,forearm_cap_2_tilt_all_10,upperarm_cap_2_tilt_all_0,upperarm_ring_tilt_all_45,24
31,112182.9616769031,forearm_cap_1_tilt_all_0,forearm_cap_1_tilt_all_30,upperarm_cap_1_tilt_all_-15,24
32,112157.9454260092,forearm_cap_2_tilt_all_10,upperarm_cap_2_tilt_all_-15,upperarm_ring_tilt_all_45,24
33,112120.7638090064,forearm_cap_1_tilt_all_15,upperarm_cap_1_tilt_all_0,upperarm_ring_tilt_all_45,24
34,111959.4423159328,forearm_cap_2_tilt_all_15,upperarm_cap_2_tilt_all_-15,upperarm_ring_tilt_all_45,24
35,111943.0992347175,forearm_cap_2_tilt_all_10,upperarm_cap_2_tilt_all_-10,upperarm_ring_tilt_all_60,24
36,111934.3238981573,forearm_cap_1_tilt_all_30,forearm_cap_2_tilt_all_0,upperarm_cap_1_tilt_all_-15,24
37,111835.7976460357,forearm_cap_1_tilt_all_0,upperarm_ring_tilt_all_15,upperarm_ring_tilt_all_60,24
38,111814.2037419604,forearm_cap_1_tilt_all_10,upperarm_cap_1_tilt_all_-10,upperarm_ring_tilt_all_30,24
39,111804.8411967839,forearm_cap_1_tilt_all_0,upperarm_cap_1_tilt_all_-10,upperarm_ring_tilt_all_45,24
40,111798.1793900194,forearm_cap_1_tilt_all_0,upperarm_ring_tilt_all_60,upperarm_ring_x_-0.16,24
41,111778.7887646380,forearm_cap_1_tilt_all_10,forearm_cap_1_tilt_all_45,upperarm_cap_1_tilt_all_-10,24
42,111725.8804600362,forearm_cap_1_tilt_all_10,forearm_cap_2_tilt_all_30,upperarm_cap_1_tilt_all_-10,24
43,111715.3581739189,forearm_cap_1_tilt_all_30,upperarm_cap_2_tilt_all_0,upperarm_ring_tilt_all_45,24
44,111713.9367361068,forearm_cap_1_tilt_all_0,upperarm_ring_tilt_all_60,upperarm_ring_x_-0.21,24
45,111705.3401796079,forearm_cap_2_tilt_all_15,upperarm_cap_2_tilt_all_0,upperarm_ring_tilt_all_60,24
46,111704.0214793053,forearm_cap_1_tilt_all_10,forearm_cap_2_tilt_all_15,upperarm_cap_1_tilt_all_-10,24
47,111667.5889860333,forearm_cap_1_tilt_all_0,upperarm_cap_1_tilt_all_-15,upperarm_ring_tilt_all_45,24
48,111575.2990855531,forearm_cap_2_tilt_all_15,upperarm_cap_2_tilt_all_-15,upperarm_ring_tilt_all_60,24
49,111528.6715392895,forearm_cap_2_tilt_all_0,forearm_cap_2_tilt_all_45,upperarm_cap_1_tilt_all_-10,24
50,111508.5544968175,forearm_cap_1_tilt_all_15,upperarm_cap_1_tilt_all_-15,upperarm_ring_tilt_all_45,24
51,111485.5899304893,forearm_cap_1_tilt_all_10,forearm_cap_2_tilt_all_10,upperarm_cap_1_tilt_all_-10,24
52,111451.2952362713,forearm_cap_1_tilt_all_15,upperarm_cap_1_tilt_all_-10,upperarm_ring_tilt_all_30,24
53,111437.6441247732,forearm_cap_1_tilt_all_0,upperarm_cap_2_tilt_all_0,upperarm_ring_tilt_all_45,24
54,111401.2431299964,forearm_cap_2_tilt_all_10,upperarm_cap_2_tilt_all_-15,upperarm_ring_tilt_all_60,24
55,111381.7341350917,forearm_cap_1_tilt_all_10,upperarm_cap_1_tilt_all_0,upperarm_ring_tilt_all_30,24
56,111380.1198382331,base_cap_tilt_all_-45,forearm_cap_1_tilt_all_15,upperarm_cap_2_tilt_all_-10,24
57,111364.7212665401,base_cap_tilt_all_-45,forearm_cap_1_tilt_all_10,upperarm_cap_2_tilt_all_-15,24
58,111356.3393203689,forearm_cap_2_tilt_all_30,upperarm_cap_2_tilt_all_0,upperarm_ring_tilt_all_45,24
59,111322.8329098248,forearm_cap_1_tilt_all_10,upperarm_cap_1_tilt_all_-10,upperarm_ring_tilt_all_60,24
60,111320.3264309325,base_cap_tilt_all_-45,forearm_cap_1_tilt_all_10,upperarm_cap_2_tilt_all_-10,24
61,111317.3616468074,forearm_cap_1_tilt_all_10,upperarm_cap_1_tilt_all_-15,upperarm_ring_tilt_all_60,24
62,111315.4193176111,forearm_cap_1_tilt_all_15,upperarm_cap_1_tilt_all_0,upperarm_ring_tilt_all_30,24
63,111292.8139913567,forearm_cap_1_tilt_all_10,upperarm_ring_tilt_all_10,upperarm_ring_tilt_all_60,24
64,111274.2995264029,base_cap_tilt_all_-30,forearm_cap_1_tilt_all_10,upperarm_cap_1_tilt_all_-10,24
65,111248.4033135335,forearm_cap_1_tilt_all_0,upperarm_cap_1_tilt_all_0,upperarm_ring_tilt_all_45,24
66,111238.8350456677,forearm_cap_1_tilt_all_10,forearm_cap_2_tilt_all_10,upperarm_cap_1_tilt_all_-15,24
67,111193.7894024278,forearm_cap_2_tilt_all_0,forearm_cap_2_tilt_all_45,upperarm_cap_1_tilt_all_-15,24
68,111165.7797423977,forearm_cap_1_tilt_all_10,forearm_cap_2_tilt_all_15,upperarm_cap_1_tilt_all_-15,24
69,111164.8071101898,forearm_cap_2_tilt_all_0,upperarm_cap_2_tilt_all_-10,upperarm_ring_tilt_all_45,24
70,111145.5882310562,base_cap_tilt_all_-30,forearm_cap_1_tilt_all_10,upperarm_cap_2_tilt_all_-10,24
71,111119.0042822917,forearm_cap_1_tilt_all_0,upperarm_cap_2_tilt_all_-15,upperarm_ring_tilt_all_60,24
72,111106.0907023327,forearm_cap_1_tilt_all_10,upperarm_cap_1_tilt_all_-15,upperarm_ring_tilt_all_30,24
73,111105.6725864005,forearm_cap_1_tilt_all_0,upperarm_ring_tilt_all_60,upperarm_ring_x_-0.26,24
74,111097.0263517292,base_cap_tilt_all_-45,forearm_cap_1_tilt_all_15,upperarm_cap_2_tilt_all_-15,24
75,111080.1631802716,base_cap_tilt_all_-30,forearm_cap_1_tilt_all_10,upperarm_cap_2_tilt_all_-15,24
76,111077.6593701178,base_cap_tilt_all_-30,forearm_cap_1_tilt_all_15,upperarm_cap_2_tilt_all_-10,24
77,111067.0267026377,forearm_cap_1_tilt_all_15,forearm_cap_2_tilt_all_0,upperarm_cap_1_tilt_all_-10,24
78,111035.9143807124,base_cap_tilt_all_-30,forearm_cap_1_tilt_all_10,upperarm_cap_1_tilt_all_-15,24
79,111016.0944327260,forearm_cap_1_tilt_all_30,upperarm_cap_2_tilt_all_0,upperarm_ring_tilt_all_60,24
80,111008.9095311778,forearm_cap_1_tilt_all_15,forearm_cap_2_tilt_all_0,upperarm_cap_1_tilt_all_-15,24
81,111002.6525782056,base_cap_tilt_all_-45,forearm_cap_1_tilt_all_10,upperarm_cap_1_tilt_all_-10,24
82,110975.6560806417,forearm_cap_1_tilt_all_0,upperarm_cap_2_tilt_all_-10,upperarm_ring_tilt_all_60,24
83,110971.2588236945,forearm_cap_1_tilt_all_0,forearm_cap_2_tilt_all_45,upperarm_cap_1_tilt_all_-10,24
84,110969.2318300696,forearm_cap_1_tilt_all_10,upperarm_ring_tilt_all_60,upperarm_ring_x_-0.16,24
85,110957.8995501026,forearm_cap_2_tilt_all_30,upperarm_cap_2_tilt_all_0,upperarm_ring_tilt_all_60,24
86,110940.4435856375,forearm_cap_1_tilt_all_10,forearm_cap_1_tilt_all_45,upperarm_cap_1_tilt_all_-15,24
87,110933.4479928167,forearm_cap_2_tilt_all_10,upperarm_cap_2_tilt_all_0,upperarm_ring_tilt_all_60,24
88,110905.1093518421,forearm_cap_1_tilt_all_15,forearm_cap_2_tilt_all_10,upperarm_cap_1_tilt_all_-10,24
89,110895.3273174836,forearm_cap_1_tilt_all_10,forearm_cap_2_tilt_all_30,upperarm_cap_1_tilt_all_-15,24
90,110887.2346328778,forearm_cap_1_tilt_all_0,forearm_cap_2_tilt_all_15,upperarm_cap_1_tilt_all_-10,24
91,110883.1577497561,forearm_cap_1_tilt_all_15,upperarm_cap_1_tilt_all_-10,upperarm_ring_tilt_all_60,24
92,110853.5332400490,forearm_cap_1_tilt_all_10,upperarm_ring_tilt_all_60,upperarm_ring_x_-0.21,24
93,110853.3373152160,base_cap_tilt_all_-45,forearm_cap_1_tilt_all_10,upperarm_cap_1_tilt_all_-15,24
94,110850.9296187247,forearm_cap_1_tilt_all_10,upperarm_ring_tilt_all_15,upperarm_ring_tilt_all_60,24
95,110846.8575530435,forearm_cap_1_tilt_all_10,forearm_cap_1_tilt_all_60,upperarm_cap_1_tilt_all_-10,24
96,110841.4297197594,forearm_cap_2_tilt_all_0,upperarm_cap_2_tilt_all_-15,upperarm_ring_tilt_all_45,24
97,110805.6146623856,forearm_cap_1_tilt_all_0,forearm_cap_2_tilt_all_15,upperarm_cap_1_tilt_all_-15,24
98,110795.8799095628,forearm_cap_1_tilt_all_0,upperarm_ring_tilt_all_0,upperarm_ring_tilt_all_60,24
99,110795.8799095628,forearm_cap_1_tilt_all_0,upperarm_ring_tilt_all_60,upperarm_ring_x_-0.11,24
100,110759.2476615376,forearm_cap_1_tilt_all_0,forearm_cap_2_tilt_all_45,upperarm_cap_1_tilt_all_-15,24
101,110730.6698382078,forearm_cap_1_tilt_all_15,forearm_cap_2_tilt_all_15,upperarm_cap_1_tilt_all_-10,24
102,110726.9752884627,base_cap_tilt_all_-30,forearm_cap_2_tilt_all_10,upperarm_cap_2_tilt_all_-10,24
103,110719.9298812227,base_cap_tilt_all_-30,forearm_cap_2_tilt_all_15,upperarm_cap_2_tilt_all_-10,24
104,110707.5521396392,forearm_cap_1_tilt_all_0,forearm_cap_2_tilt_all_30,upperarm_cap_1_tilt_all_0,24
105,110668.8313051247,forearm_cap_1_tilt_all_10,forearm_cap_2_tilt_all_45,upperarm_cap_1_tilt_all_-10,24
106,110666.9437427705,forearm_cap_1_tilt_all_0,forearm_cap_1_tilt_all_45,upperarm_cap_1_tilt_all_0,24
107,110665.0537984468,base_cap_tilt_all_-30,forearm_cap_1_tilt_all_15,upperarm_cap_2_tilt_all_-15,24
108,110585.7541734801,forearm_cap_1_tilt_all_10,forearm_cap_2_tilt_all_0,upperarm_cap_1_tilt_all_-15,24
109,110584.1422014148,forearm_cap_1_tilt_all_30,forearm_cap_2_tilt_all_0,upperarm_cap_2_tilt_all_-15,24
110,110570.1225598632,forearm_cap_2_tilt_all_0,forearm_cap_2_tilt_all_30,upperarm_cap_1_tilt_all_-10,24
111,110541.8085698685,forearm_cap_1_tilt_all_15,upperarm_cap_1_tilt_all_-15,upperarm_ring_tilt_all_60,24
112,110539.7077356682,base_cap_tilt_all_-30,forearm_cap_1_tilt_all_15,upperarm_cap_1_tilt_all_-10,24
113,110445.0336501067,forearm_cap_1_tilt_all_10,forearm_cap_2_tilt_all_0,upperarm_cap_1_tilt_all_-10,24
114,110410.6263594813,base_cap_tilt_all_-15,forearm_cap_1_tilt_all_10,upperarm_cap_1_tilt_all_-10,24
115,110402.8628379187,forearm_cap_2_tilt_all_0,upperarm_cap_2_tilt_all_0,upperarm_ring_tilt_all_45,24
116,110388.1922082901,forearm_cap_1_tilt_all_10,upperarm_cap_1_tilt_all_0,upperarm_ring_tilt_all_60,24
117,110369.0252061442,base_cap_tilt_all_-30,forearm_cap_2_tilt_all_10,upperarm_cap_2_tilt_all_-15,24
118,110360.5308517391,base_cap_tilt_all_-45,forearm_cap_2_tilt_all_15,upperarm_cap_2_tilt_all_-10,24
119,110345.8228006442,forearm_cap_1_tilt_all_15,forearm_cap_2_tilt_all_10,upperarm_cap_1_tilt_all_-15,24
120,110341.3789240363,base_cap_tilt_all_-45,forearm_cap_1_tilt_all_15,upperarm_cap_1_tilt_all_-10,24
121,110334.9649348562,forearm_cap_1_tilt_all_0,upperarm_cap_2_tilt_all_-30,upperarm_ring_tilt_all_45,24
122,110320.4392973584,forearm_cap_1_tilt_all_10,forearm_cap_1_tilt_all_30,upperarm_cap_1_tilt_all_-10,24
123,110316.8082741166,base_cap_tilt_all_-30,forearm_cap_1_tilt_all_10,upperarm_cap_1_tilt_all_0,24
124,110310.3449758626,forearm_cap_1_tilt_all_15,upperarm_cap_1_tilt_all_-15,upperarm_ring_tilt_all_30,24
125,110300.3841016302,forearm_cap_1_tilt_all_15,upperarm_cap_1_tilt_all_0,upperarm_ring_tilt_all_60,24
126,110277.9749059854,forearm_cap_1_tilt_all_30,forearm_cap_2_tilt_all_0,upperarm_cap_2_tilt_all_-10,24
127,110274.4684289610,forearm_cap_1_tilt_all_10,forearm_cap_1_tilt_all_45,upperarm_cap_1_tilt_all_0,24
128,110266.9171369722,forearm_cap_1_tilt_all_10,upperarm_ring_tilt_all_60,upperarm_ring_x_-0.26,24
129,110262.8466844535,base_cap_tilt_all_-45,forearm_cap_2_tilt_all_10,upperarm_cap_2_tilt_all_-10,24
130,110251.5341288117,forearm_cap_2_tilt_all_0,forearm_cap_2_tilt_all_30,upperarm_cap_1_tilt_all_-15,24
131,110244.0727300898,base_cap_tilt_all_-30,forearm_cap_1_tilt_all_0,upperarm_cap_1_tilt_all_-15,24
132,110216.8885030778,base_cap_tilt_all_-45,forearm_cap_1_tilt_all_15,upperarm_cap_2_tilt_all_0,24
133,110212.0127264853,forearm_cap_1_tilt_all_0,upperarm_ring_tilt_all_60,upperarm_ring_x_-0.31,24
134,110211.6201932067,base_cap_tilt_all_-30,forearm_cap_1_tilt_all_0,upperarm_cap_1_tilt_all_-10,24
135,110191.0225197137,forearm_cap_1_tilt_all_10,forearm_cap_2_tilt_all_30,upperarm_cap_1_tilt_all_0,24
136,110189.5940886823,forearm_cap_1_tilt_all_0,forearm_cap_1_tilt_all_30,upperarm_cap_1_tilt_all_0,24
137,110172.6458364985,forearm_cap_1_tilt_all_30,forearm_cap_2_tilt_all_0,upperarm_cap_1_tilt_all_0,24
138,110161.7981869401,forearm_cap_1_tilt_all_10,upperarm_ring_tilt_all_0,upperarm_ring_tilt_all_60,24
139,110161.7981869401,forearm_cap_1_tilt_all_10,upperarm_ring_tilt_all_60,upperarm_ring_x_-0.11,24
140,110111.9872855068,forearm_cap_1_tilt_all_30,forearm_cap_2_tilt_all_10,upperarm_cap_1_tilt_all_-10,24
141,110103.6869342608,base_cap_tilt_all_-10,forearm_cap_1_tilt_all_10,upperarm_cap_1_tilt_all_-10,24
142,110075.5655729508,forearm_cap_1_tilt_all_0,forearm_cap_2_tilt_all_10,upperarm_cap_1_tilt_all_-15,24
143,110047.0138540600,forearm_cap_1_tilt_all_15,upperarm_cap_1_tilt_all_-10,wrist_cap_1_tilt_all_-30,24
144,110046.2065023073,forearm_cap_1_tilt_all_30,upperarm_cap_1_tilt_all_0,upperarm_cap_2_tilt_all_0,24
145,110015.8681459652,base_cap_tilt_all_-30,forearm_cap_1_tilt_all_15,upperarm_cap_1_tilt_all_-15,24
146,110008.5123740430,forearm_cap_1_tilt_all_10,forearm_cap_1_tilt_all_60,upperarm_cap_1_tilt_all_-15,24
147,110006.1355606345,forearm_cap_2_tilt_all_10,forearm_cap_2_tilt_all_45,upperarm_cap_1_tilt_all_-10,24
148,109980.3876172747,forearm_cap_1_tilt_all_0,forearm_cap_2_tilt_all_10,upperarm_cap_1_tilt_all_-10,24
149,109955.9129571392,base_cap_tilt_all_-15,forearm_cap_1_tilt_all_10,upperarm_cap_1_tilt_all_-15,24
150,109952.5532238650,base_cap_tilt_all_-30,forearm_cap_2_tilt_all_15,upperarm_cap_2_tilt_all_-15,24
151,109949.5188561845,base_cap_tilt_all_-45,forearm_cap_2_tilt_all_10,upperarm_cap_2_tilt_all_-15,24
152,109907.9302240854,forearm_cap_1_tilt_all_15,upperarm_cap_2_tilt_all_-10,wrist_cap_1_tilt_all_-30,24
153,109907.4588223988,base_cap_tilt_all_-30,forearm_cap_1_tilt_all_15,upperarm_cap_2_tilt_all_0,24
154,109895.4896108596,base_cap_tilt_all_-45,forearm_cap_1_tilt_all_15,upperarm_cap_1_tilt_all_-15,24
155,109895.3878082293,forearm_cap_1_tilt_all_10,upperarm_cap_1_tilt_all_-10,wrist_cap_1_tilt_all_-30,24
156,109893.6048837605,forearm_cap_1_tilt_all_10,upperarm_cap_2_tilt_all_-30,upperarm_ring_tilt_all_45,24
157,109869.4719553010,base_cap_tilt_all_-30,forearm_cap_1_tilt_all_15,upperarm_cap_1_tilt_all_0,24
158,109865.9415099010,base_cap_tilt_all_-30,forearm_cap_1_tilt_all_0,upperarm_cap_2_tilt_all_-15,24
159,109860.8295661998,base_cap_tilt_all_-45,forearm_cap_1_tilt_all_0,upperarm_cap_1_tilt_all_-15,24
160,109858.6159023791,forearm_cap_1_tilt_all_10,upperarm_cap_2_tilt_all_-30,upperarm_ring_tilt_all_60,24
161,109850.2671808470,forearm_cap_2_tilt_all_0,forearm_cap_2_tilt_all_45,upperarm_cap_2_tilt_all_-15,24
162,109831.0664231494,base_cap_tilt_all_-45,forearm_cap_1_tilt_all_0,upperarm_cap_2_tilt_all_-15,24
163,109830.4861261242,forearm_cap_1_tilt_all_10,forearm_cap_2_tilt_all_45,upperarm_cap_1_tilt_all_-15,24
164,109797.5408864061,base_cap_tilt_all_-45,forearm_cap_1_tilt_all_10,upperarm_cap_2_tilt_all_0,24
165,109782.1647692677,base_cap_tilt_all_-60,forearm_cap_1_tilt_all_15,upperarm_cap_2_tilt_all_-10,24
166,109777.9979088915,base_cap_tilt_all_-45,forearm_cap_1_tilt_all_10,upperarm_cap_1_tilt_all_0,24
167,109771.0117431689,forearm_cap_1_tilt_all_15,forearm_cap_2_tilt_all_30,upperarm_cap_1_tilt_all_-10,24
168,109767.6346897200,forearm_cap_1_tilt_all_15,forearm_cap_2_tilt_all_15,upperarm_cap_1_tilt_all_-15,24
169,109754.1644206990,base_cap_tilt_all_-15,forearm_cap_1_tilt_all_15,upperarm_cap_1_tilt_all_-10,24
170,109721.0262438721,base_cap_tilt_all_-45,forearm_cap_1_tilt_all_0,upperarm_cap_1_tilt_all_-10,24
171,109705.5750029274,forearm_cap_1_tilt_all_30,upperarm_cap_2_tilt_all_-10,upperarm_ring_tilt_all_45,24
172,109690.1545173741,base_cap_tilt_all_-30,forearm_cap_2_tilt_all_15,upperarm_cap_2_tilt_all_0,24
173,109684.4447303377,flange_ring_tilt_all_0,forearm_cap_1_tilt_all_15,upperarm_cap_1_tilt_all_-10,24
174,109682.5597112122,base_cap_tilt_all_-60,forearm_cap_1_tilt_all_10,upperarm_cap_2_tilt_all_-15,24
175,109679.3131878884,forearm_cap_1_tilt_all_15,upperarm_cap_1_tilt_all_-10,wrist_cap_2_tilt_all_15,24
176,109674.9372286976,forearm_cap_1_tilt_all_15,forearm_cap_1_tilt_all_45,upperarm_cap_1_tilt_all_-10,24
177,109673.2260045114,forearm_cap_2_tilt_all_0,forearm_cap_2_tilt_all_45,upperarm_cap_1_tilt_all_0,24
178,109661.0458977139,forearm_cap_1_tilt_all_15,upperarm_cap_1_tilt_all_-10,wrist_cap_1_tilt_all_-15,24
179,109648.4483747312,forearm_cap_1_tilt_all_10,upperarm_cap_1_tilt_all_-10,wrist_cap_2_tilt_all_15,24
180,109647.5975876667,forearm_cap_1_tilt_all_10,upperarm_cap_1_tilt_all_-10,wrist_cap_2_tilt_all_30,24
181,109634.4407940192,forearm_cap_1_tilt_all_15,upperarm_cap_1_tilt_all_-10,wrist_cap_2_tilt_all_10,24
182,109628.7536538336,forearm_cap_1_tilt_all_10,forearm_cap_2_tilt_all_15,upperarm_cap_1_tilt_all_0,24
183,109626.7471401184,forearm_cap_1_tilt_all_0,forearm_cap_2_tilt_all_30,upperarm_cap_2_tilt_all_-15,24
184,109623.6734375940,base_cap_tilt_all_-45,forearm_cap_2_tilt_all_15,upperarm_cap_2_tilt_all_-15,24
185,109623.5488862181,base_cap_tilt_all_-10,forearm_cap_1_tilt_all_10,upperarm_cap_1_tilt_all_-15,24
186,109605.9887494435,forearm_cap_1_tilt_all_15,upperarm_cap_1_tilt_all_0,wrist_cap_1_tilt_all_-30,24
187,109597.3548117063,forearm_cap_2_tilt_all_10,upperarm_cap_1_tilt_all_-10,upperarm_ring_tilt_all_45,24
188,109594.9700979751,base_cap_tilt_all_-60,forearm_cap_1_tilt_all_10,upperarm_cap_2_tilt_all_-10,24
189,109580.6757213896,forearm_cap_1_tilt_all_15,upperarm_cap_1_tilt_all_-10,wrist_cap_2_tilt_all_30,24
190,109578.8391781837,base_cap_tilt_all_-30,forearm_cap_1_tilt_all_10,upperarm_cap_2_tilt_all_0,24
191,109575.1986520208,forearm_cap_1_tilt_all_15,upperarm_ring_tilt_all_10,upperarm_ring_tilt_all_60,24
192,109572.6464480931,base_cap_tilt_all_-15,forearm_cap_1_tilt_all_10,upperarm_cap_1_tilt_all_0,24
193,109567.8020476138,forearm_cap_2_tilt_all_0,forearm_cap_2_tilt_all_45,upperarm_cap_2_tilt_all_-10,24
194,109565.5505639147,base_cap_tilt_all_-30,forearm_cap_1_tilt_all_0,upperarm_ring_tilt_all_60,24
195,109554.2939113050,base_cap_tilt_all_-30,forearm_cap_1_tilt_all_0,upperarm_cap_2_tilt_all_-10,24
196,109545.4329099028,forearm_cap_1_tilt_all_15,upperarm_cap_1_tilt_all_-10,wrist_cap_1_tilt_all_-10,24
197,109536.6655435695,forearm_cap_1_tilt_all_15,upperarm_cap_1_tilt_all_0,upperarm_cap_2_tilt_all_-15,24
198,109523.8318508587,forearm_cap_1_tilt_all_10,upperarm_cap_1_tilt_all_-10,wrist_cap_1_tilt_all_-15,24
199,109519.1959835102,forearm_cap_2_tilt_all_0,upperarm_cap_2_tilt_all_-10,upperarm_ring_tilt_all_60,24
200,109513.3248531713,forearm_cap_2_tilt_all_30,upperarm_cap_2_tilt_all_-10,upperarm_ring_tilt_all_60,24
201,109502.2570861321,base_cap_tilt_all_-60,forearm_cap_1_tilt_all_15,upperarm_cap_2_tilt_all_-15,24
202,109497.5172579556,forearm_cap_1_tilt_all_10,upperarm_cap_1_tilt_all_-10,wrist_cap_2_tilt_all_10,24
203,109494.7934447709,base_cap_tilt_all_-60,forearm_cap_1_tilt_all_10,upperarm_cap_1_tilt_all_-10,24
204,109482.0941183579,forearm_cap_1_tilt_all_10,forearm_cap_1_tilt_all_30,upperarm_cap_1_tilt_all_-15,24
205,109480.3504042248,forearm_cap_2_tilt_all_30,upperarm_cap_2_tilt_all_-10,upperarm_ring_tilt_all_45,24
206,109468.9162911076,base_cap_tilt_all_-45,forearm_cap_1_tilt_all_0,upperarm_cap_2_tilt_all_-10,24
207,109468.8216542472,forearm_cap_1_tilt_all_15,forearm_cap_1_tilt_all_60,upperarm_cap_1_tilt_all_-10,24
208,109467.9228667809,base_cap_tilt_all_-10,forearm_cap_1_tilt_all_15,upperarm_cap_1_tilt_all_-10,24
209,109460.8824694405,forearm_cap_1_tilt_all_15,upperarm_cap_1_tilt_all_0,upperarm_cap_2_tilt_all_-10,24
210,109449.1681569233,forearm_cap_1_tilt_all_30,upperarm_cap_2_tilt_all_-10,upperarm_ring_tilt_all_60,24
211,109432.1576343706,forearm_cap_1_tilt_all_15,forearm_cap_2_tilt_all_0,upperarm_cap_2_tilt_all_-15,24
212,109420.8866610788,forearm_cap_2_tilt_all_10,upperarm_cap_1_tilt_all_0,upperarm_ring_tilt_all_45,24
213,109419.1620615977,forearm_cap_1_tilt_all_15,upperarm_cap_2_tilt_all_-10,upperarm_ring_tilt_all_30,24
214,109410.0756929993,forearm_cap_2_tilt_all_15,upperarm_cap_1_tilt_all_0,upperarm_ring_tilt_all_45,24
215,109409.6822137463,base_cap_tilt_all_-45,forearm_cap_1_tilt_all_15,upperarm_cap_1_tilt_all_0,24
216,109397.9333694234,forearm_cap_1_tilt_all_0,forearm_cap_1_tilt_all_45,upperarm_cap_2_tilt_all_-15,24
217,109397.3579940986,base_cap_tilt_all_-45,forearm_cap_2_tilt_all_15,upperarm_cap_2_tilt_all_0,24
218,109389.2906615777,forearm_cap_1_tilt_all_10,upperarm_ring_tilt_all_60,upperarm_ring_x_-0.31,24
219,109385.1247725578,base_cap_tilt_all_-30,forearm_cap_2_tilt_all_0,upperarm_cap_2_tilt_all_-15,24
220,109380.5368592084,forearm_cap_1_tilt_all_0,upperarm_cap_1_tilt_all_-10,upperarm_ring_tilt_all_30,24
221,109378.2045429653,forearm_cap_1_tilt_all_15,upperarm_cap_1_tilt_all_-10,wrist_cap_2_tilt_all_0,24
222,109367.1131635083,forearm_cap_1_tilt_all_0,upperarm_cap_2_tilt_all_0,upperarm_ring_tilt_all_60,24
223,109364.8786092636,forearm_cap_1_tilt_all_10,upperarm_cap_1_tilt_all_-15,wrist_cap_1_tilt_all_-30,24
224,109358.2814357906,forearm_cap_1_tilt_all_0,upperarm_cap_1_tilt_all_-15,upperarm_ring_tilt_all_60,24
225,109358.0951855024,forearm_cap_1_tilt_all_10,upperarm_cap_2_tilt_all_-10,upperarm_ring_tilt_all_30,24
226,109352.4262418101,forearm_cap_1_tilt_all_15,upperarm_ring_tilt_all_60,upperarm_ring_x_-0.16,24
227,109350.8632090783,base_cap_tilt_all_-60,forearm_cap_1_tilt_all_10,upperarm_cap_1_tilt_all_-15,24
228,109349.8176114710,forearm_cap_2_tilt_all_0,upperarm_cap_2_tilt_all_-15,upperarm_ring_tilt_all_60,24
229,109348.0671721409,forearm_cap_1_tilt_all_0,upperarm_ring_tilt_all_30,upperarm_ring_tilt_all_60,24
230,109343.3641617633,forearm_cap_1_tilt_all_10,forearm_cap_1_tilt_all_60,upperarm_cap_1_tilt_all_0,24
231,109332.8049140963,forearm_cap_1_tilt_all_15,upperarm_cap_2_tilt_all_-10,wrist_cap_1_tilt_all_-45,24
232,109330.2298847574,flange_ring_tilt_all_0,forearm_cap_1_tilt_all_15,upperarm_cap_1_tilt_all_0,24
233,109326.9527253502,forearm_cap_1_tilt_all_10,upperarm_cap_1_tilt_all_-10,wrist_cap_1_tilt_all_-10,24
234,109314.2803338793,base_cap_tilt_all_-30,forearm_cap_2_tilt_all_10,upperarm_cap_2_tilt_all_0,24
235,109288.1300011354,forearm_cap_1_tilt_all_15,upperarm_ring_tilt_all_60,upperarm_ring_x_-0.21,24
236,109286.0912017043,base_cap_tilt_all_-30,forearm_cap_2_tilt_all_0,upperarm_cap_2_tilt_all_-10,24
237,109285.5619585679,forearm_cap_2_tilt_all_15,upperarm_cap_1_tilt_all_-10,upperarm_ring_tilt_all_45,24
238,109281.3256825893,base_cap_tilt_all_-45,forearm_cap_1_tilt_all_30,upperarm_cap_2_tilt_all_0,24
239,109278.2666346872,forearm_cap_1_tilt_all_30,upperarm_cap_1_tilt_all_-10,upperarm_cap_2_tilt_all_0,24
240,109258.1210282451,forearm_cap_1_tilt_all_15,upperarm_cap_2_tilt_all_-15,wrist_cap_1_tilt_all_-30,24
241,109253.7792228473,base_cap_tilt_all_-15,forearm_cap_1_tilt_all_15,upperarm_cap_1_tilt_all_0,24
242,109246.6608652846,forearm_cap_2_tilt_all_30,upperarm_cap_1_tilt_all_0,upperarm_cap_2_tilt_all_0,24
243,109236.1523996148,forearm_cap_1_tilt_all_0,upperarm_ring_tilt_all_60,upperarm_ring_x_-0.36,24
244,109231.6035645563,base_cap_tilt_all_0,forearm_cap_1_tilt_all_10,upperarm_cap_1_tilt_all_-10,24
245,109218.2443144897,forearm_cap_1_tilt_all_10,upperarm_cap_2_tilt_all_-10,wrist_cap_1_tilt_all_-30,24
246,109215.8507016121,base_cap_tilt_all_-10,forearm_cap_1_tilt_all_10,upperarm_cap_1_tilt_all_0,24
247,109209.0168216975,forearm_cap_1_tilt_all_0,upperarm_cap_2_tilt_all_-30,upperarm_ring_tilt_all_60,24
248,109184.5076557577,forearm_cap_1_tilt_all_15,upperarm_cap_1_tilt_all_0,wrist_cap_1_tilt_all_-15,24
249,109163.7750640718,forearm_cap_1_tilt_all_10,forearm_cap_2_tilt_all_45,upperarm_cap_1_tilt_all_0,24
250,109148.8220011735,forearm_cap_1_tilt_all_10,forearm_cap_2_tilt_all_10,upperarm_cap_1_tilt_all_0,24
251,109147.2980217444,forearm_cap_1_tilt_all_15,upperarm_cap_1_tilt_all_-15,wrist_cap_1_tilt_all_-30,24
252,109139.8004298695,forearm_cap_1_tilt_all_0,upperarm_cap_1_tilt_all_-10,upperarm_ring_tilt_all_60,24
253,109133.8743278029,forearm_cap_1_tilt_all_15,upperarm_cap_1_tilt_all_-10,wrist_cap_1_tilt_all_0,24
254,109122.1759810454,forearm_cap_1_tilt_all_10,upperarm_cap_1_tilt_all_0,wrist_cap_1_tilt_all_-30,24
255,109121.3905550830,forearm_cap_1_tilt_all_15,upperarm_cap_1_tilt_all_-10,wrist_cap_1_tilt_all_-45,24
256,109093.0593035298,forearm_cap_1_tilt_all_15,upperarm_ring_tilt_all_15,upperarm_ring_tilt_all_60,24
257,109082.6544890707,forearm_cap_1_tilt_all_10,upperarm_cap_1_tilt_all_-15,wrist_cap_2_tilt_all_15,24
258,109075.2807369548,forearm_cap_1_tilt_all_30,upperarm_cap_1_tilt_all_0,upperarm_cap_2_tilt_all_-10,24
259,109071.7636774697,base_cap_tilt_all_-60,forearm_cap_1_tilt_all_15,upperarm_cap_1_tilt_all_-10,24
260,109066.0175119675,base_cap_tilt_all_-30,forearm_cap_2_tilt_all_10,upperarm_cap_1_tilt_all_-10,24
261,109064.6849074131,flange_ring_tilt_all_-10,forearm_cap_1_tilt_all_15,upperarm_cap_1_tilt_all_-10,24
262,109058.8396447038,forearm_cap_1_tilt_all_0,forearm_cap_1_tilt_all_30,upperarm_cap_2_tilt_all_-15,24
263,109058.5964117449,forearm_cap_1_tilt_all_15,upperarm_cap_1_tilt_all_0,wrist_cap_1_tilt_all_-10,24
264,109058.4172862445,base_cap_tilt_all_-15,forearm_cap_1_tilt_all_0,upperarm_cap_1_tilt_all_-10,24
265,109056.8477056526,flange_ring_tilt_all_0,forearm_cap_1_tilt_all_10,upperarm_cap_1_tilt_all_-10,24
266,109044.4663301276,forearm_cap_2_tilt_all_0,upperarm_ring_tilt_all_10,upperarm_ring_tilt_all_60,24
267,109037.7768890565,forearm_cap_1_tilt_all_10,upperarm_cap_2_tilt_all_-15,upperarm_ring_tilt_all_30,24
268,109033.4262078843,forearm_cap_2_tilt_all_10,forearm_cap_2_tilt_all_60,upperarm_cap_1_tilt_all_-10,24
269,109030.2249226339,base_cap_tilt_all_-30,forearm_cap_1_tilt_all_0,upperarm_cap_1_tilt_all_0,24
270,109027.9436568013,forearm_cap_1_tilt_all_15,forearm_cap_2_tilt_all_15,upperarm_cap_1_tilt_all_0,24
271,109024.0003534112,forearm_cap_1_tilt_all_15,forearm_cap_2_tilt_all_45,upperarm_cap_1_tilt_all_-10,24
272,109020.4481250134,forearm_cap_1_tilt_all_10,upperarm_cap_1_tilt_all_-10,upperarm_ring_tilt_all_15,24
273,109018.4083601111,forearm_cap_1_tilt_all_10,upperarm_cap_1_tilt_all_-10,wrist_cap_2_tilt_all_0,24
274,109010.3867957386,forearm_cap_1_tilt_all_0,upperarm_cap_1_tilt_all_-15,upperarm_ring_tilt_all_30,24
275,108999.9399052569,forearm_cap_1_tilt_all_15,upperarm_cap_1_tilt_all_-10,upperarm_cap_2_tilt_all_0,24
276,108996.2887668019,base_cap_tilt_all_-15,forearm_cap_1_tilt_all_15,upperarm_cap_1_tilt_all_-15,24
277,108994.6619245677,forearm_cap_1_tilt_all_15,upperarm_cap_1_tilt_all_0,wrist_cap_2_tilt_all_15,24
278,108990.8734039016,forearm_cap_1_tilt_all_10,upperarm_cap_1_tilt_all_-15,wrist_cap_2_tilt_all_30,24
279,108985.7719231025,base_cap_tilt_all_-15,forearm_cap_1_tilt_all_0,upperarm_ring_tilt_all_60,24
280,108979.8547400631,flange_ring_tilt_all_-10,forearm_cap_1_tilt_all_15,upperarm_cap_1_tilt_all_0,24
281,108979.1112360246,forearm_cap_1_tilt_all_10,upperarm_cap_2_tilt_all_-15,wrist_cap_1_tilt_all_-30,24
282,108977.8401861381,forearm_cap_1_tilt_all_15,upperarm_cap_1_tilt_all_0,upperarm_cap_2_tilt_all_-30,24
283,108971.9192784780,forearm_cap_1_tilt_all_15,upperarm_cap_1_tilt_all_-10,upperarm_cap_2_tilt_all_-10,24
284,108963.3090440334,forearm_cap_1_tilt_all_30,forearm_cap_2_tilt_all_10,upperarm_cap_1_tilt_all_-15,24
285,108960.7688554228,forearm_cap_1_tilt_all_15,upperarm_cap_1_tilt_all_0,wrist_cap_2_tilt_all_10,24
286,108959.4878691693,base_cap_tilt_all_-15,forearm_cap_1_tilt_all_0,upperarm_cap_1_tilt_all_-15,24
287,108940.6480819087,forearm_cap_1_tilt_all_10,upperarm_cap_1_tilt_all_-15,wrist_cap_2_tilt_all_10,24
288,108938.6025782937,base_cap_tilt_all_-10,forearm_cap_1_tilt_all_15,upperarm_cap_1_tilt_all_0,24
289,108936.4936414056,forearm_cap_1_tilt_all_10,upperarm_cap_1_tilt_all_-15,wrist_cap_1_tilt_all_-15,24
290,108928.7690414107,forearm_cap_1_tilt_all_15,upperarm_cap_1_tilt_all_0,wrist_cap_2_tilt_all_30,24
291,108926.0026106749,base_cap_tilt_all_-45,forearm_cap_2_tilt_all_10,upperarm_cap_2_tilt_all_0,24
292,108924.6066410441,base_cap_tilt_all_-45,forearm_cap_2_tilt_all_0,upperarm_cap_2_tilt_all_-15,24
293,108915.0296118329,base_cap_tilt_all_-30,forearm_cap_1_tilt_all_30,upperarm_cap_2_tilt_all_0,24
294,108914.4972522537,forearm_cap_1_tilt_all_0,forearm_cap_2_tilt_all_30,upperarm_cap_2_tilt_all_-10,24
295,108908.0119072308,forearm_cap_2_tilt_all_0,forearm_cap_2_tilt_all_30,upperarm_cap_2_tilt_all_-15,24
296,108892.6675461369,base_cap_tilt_all_-45,forearm_cap_2_tilt_all_30,upperarm_cap_2_tilt_all_0,24
297,108891.2341719774,base_cap_tilt_all_-15,forearm_cap_1_tilt_all_10,upperarm_cap_2_tilt_all_-15,24
298,108890.2058290117,forearm_cap_1_tilt_all_10,upperarm_cap_1_tilt_all_-10,wrist_cap_1_tilt_all_-45,24
299,108879.5289539944,forearm_cap_1_tilt_all_15,upperarm_cap_1_tilt_all_-10,upperarm_ring_tilt_all_15,24
300,108857.0897269856,forearm_cap_2_tilt_all_10,forearm_cap_2_tilt_all_45,upperarm_cap_1_tilt_all_-15,24
301,108853.2467436376,base_cap_tilt_all_-60,forearm_cap_2_tilt_all_15,upperarm_cap_2_tilt_all_-10,24
302,108845.4103813229,base_cap_tilt_all_-15,forearm_cap_1_tilt_all_10,upperarm_cap_2_tilt_all_-10,24
303,108845.1181155237,forearm_cap_1_tilt_all_15,forearm_cap_2_tilt_all_10,upperarm_cap_1_tilt_all_0,24
304,108820.7456621899,forearm_cap_2_tilt_all_10,upperarm_cap_1_tilt_all_-15,upperarm_ring_tilt_all_45,24
305,108819.9390496870,forearm_cap_1_tilt_all_10,forearm_cap_2_tilt_all_10,upperarm_cap_2_tilt_all_-15,24
306,108814.3348647766,forearm_cap_1_tilt_all_10,forearm_cap_1_tilt_all_30,upperarm_cap_1_tilt_all_0,24
307,108813.4624216065,forearm_cap_1_tilt_all_0,forearm_cap_2_tilt_all_45,upperarm_cap_1_tilt_all_0,24
308,108812.7528053679,forearm_cap_1_tilt_all_15,forearm_cap_2_tilt_all_30,upperarm_cap_1_tilt_all_0,24
309,108810.7164834435,flange_ring_tilt_all_0,forearm_cap_1_tilt_all_15,upperarm_cap_1_tilt_all_-15,24
310,108809.7058368953,base_cap_tilt_all_-15,forearm_cap_1_tilt_all_15,upperarm_cap_2_tilt_all_-10,24
311,108802.2050889505,forearm_cap_1_tilt_all_10,upperarm_cap_1_tilt_all_-30,upperarm_ring_tilt_all_60,24
312,108794.8195377154,forearm_cap_1_tilt_all_15,forearm_cap_2_tilt_all_0,upperarm_cap_2_tilt_all_-10,24
313,108775.2437003085,base_cap_tilt_all_-45,forearm_cap_2_tilt_all_0,upperarm_cap_2_tilt_all_-10,24
314,108762.0798128898,forearm_cap_1_tilt_all_15,upperarm_cap_1_tilt_all_0,wrist_cap_2_tilt_all_0,24
315,108761.0416918509,forearm_cap_1_tilt_all_0,upperarm_cap_1_tilt_all_0,upperarm_ring_tilt_all_30,24
316,108745.4317986373,forearm_cap_1_tilt_all_15,forearm_cap_1_tilt_all_45,upperarm_cap_1_tilt_all_0,24
317,108740.6257617856,forearm_cap_1_tilt_all_15,upperarm_cap_2_tilt_all_-15,upperarm_ring_tilt_all_30,24
318,108739.3961049620,base_cap_tilt_all_-30,forearm_cap_2_tilt_all_30,upperarm_cap_2_tilt_all_0,24
319,108737.7165182250,forearm_cap_1_tilt_all_15,upperarm_cap_2_tilt_all_-15,wrist_cap_1_tilt_all_-45,24
320,108733.8830959158,forearm_cap_2_tilt_all_0,upperarm_cap_1_tilt_all_-10,upperarm_ring_tilt_all_45,24
321,108729.9284550231,forearm_cap_1_tilt_all_10,upperarm_cap_1_tilt_all_-15,wrist_cap_1_tilt_all_-10,24
322,108728.5130289436,forearm_cap_1_tilt_all_15,upperarm_cap_1_tilt_all_-15,wrist_cap_2_tilt_all_15,24
323,108707.9985537225,forearm_cap_1_tilt_all_10,upperarm_cap_1_tilt_all_-10,wrist_cap_1_tilt_all_0,24
324,108707.5529130415,base_cap_tilt_all_-30,forearm_cap_2_tilt_all_15,upperarm_cap_1_tilt_all_-10,24
325,108700.8585263674,forearm_cap_1_tilt_all_15,upperarm_cap_1_tilt_all_-15,wrist_cap_2_tilt_all_10,24
326,108699.7204669683,forearm_cap_1_tilt_all_10,upperarm_cap_1_tilt_all_0,wrist_cap_1_tilt_all_-15,24
327,108686.2178846989,forearm_cap_1_tilt_all_15,upperarm_cap_1_tilt_all_0,wrist_cap_1_tilt_all_-45,24
328,108685.6834815585,forearm_cap_1_tilt_all_0,forearm_cap_1_tilt_all_45,upperarm_cap_2_tilt_all_-10,24
329,108682.8027032079,forearm_cap_1_tilt_all_15,upperarm_cap_1_tilt_all_0,wrist_cap_1_tilt_all_0,24
330,108681.5672805575,base_cap_tilt_all_-30,forearm_cap_2_tilt_all_10,upperarm_cap_1_tilt_all_-15,24
331,108673.7196721854,base_cap_tilt_all_0,forearm_cap_1_tilt_all_10,upperarm_cap_1_tilt_all_-15,24
332,108672.4059783087,forearm_cap_1_tilt_all_15,upperarm_ring_tilt_all_60,upperarm_ring_x_-0.26,24
333,108671.6516849749,base_cap_tilt_all_-10,forearm_cap_1_tilt_all_15,upperarm_cap_1_tilt_all_-15,24
334,108657.5633540635,forearm_cap_1_tilt_all_15,upperarm_cap_2_tilt_all_0,wrist_cap_1_tilt_all_-30,24
335,108648.0183828446,forearm_cap_1_tilt_all_15,upperarm_cap_1_tilt_all_-15,wrist_cap_1_tilt_all_-15,24
336,108641.8865434524,base_cap_tilt_all_0,forearm_cap_1_tilt_all_15,upperarm_cap_1_tilt_all_-10,24
337,108641.7738761191,forearm_cap_1_tilt_all_10,forearm_cap_2_tilt_all_0,upperarm_cap_2_tilt_all_-15,24
338,108637.3217145832,forearm_cap_1_tilt_all_10,upperarm_cap_1_tilt_all_0,wrist_cap_2_tilt_all_30,24
339,108633.9160370457,forearm_cap_1_tilt_all_15,upperarm_cap_1_tilt_all_-10,upperarm_cap_2_tilt_all_-15,24
340,108633.0812598286,forearm_cap_1_tilt_all_10,upperarm_cap_1_tilt_all_0,wrist_cap_2_tilt_all_15,24
341,108629.9948225415,forearm_cap_2_tilt_all_0,upperarm_ring_tilt_all_15,upperarm_ring_tilt_all_60,24
342,108625.5467739976,forearm_cap_2_tilt_all_0,forearm_cap_2_tilt_all_30,upperarm_cap_2_tilt_all_-10,24
343,108611.8614831826,base_cap_tilt_all_-10,forearm_cap_1_tilt_all_0,upperarm_cap_1_tilt_all_-10,24
344,108606.4419746823,base_cap_tilt_all_-60,forearm_cap_2_tilt_all_10,upperarm_cap_2_tilt_all_-10,24
345,108602.4830699822,base_cap_tilt_all_-15,forearm_cap_2_tilt_all_15,upperarm_cap_2_tilt_all_-10,24
346,108597.9557436701,forearm_cap_1_tilt_all_15,upperarm_cap_1_tilt_all_0,upperarm_cap_2_tilt_all_0,24
347,108592.9652109303,forearm_cap_1_tilt_all_15,forearm_cap_2_tilt_all_0,upperarm_cap_1_tilt_all_0,24
348,108589.4519233998,forearm_cap_1_tilt_all_10,forearm_ring_x_-0.20,upperarm_cap_1_tilt_all_-10,24
349,108587.6828087871,forearm_cap_1_tilt_all_30,forearm_cap_2_tilt_all_10,upperarm_cap_1_tilt_all_0,24
350,108586.3727725672,flange_ring_tilt_all_0,forearm_cap_1_tilt_all_10,upperarm_cap_1_tilt_all_-15,24
351,108583.5515720116,flange_ring_tilt_all_-15,forearm_cap_1_tilt_all_15,upperarm_cap_1_tilt_all_0,24
352,108574.1430641365,forearm_cap_1_tilt_all_15,upperarm_cap_2_tilt_all_0,upperarm_ring_tilt_all_30,24
353,108569.1230762218,forearm_cap_1_tilt_all_15,upperarm_cap_2_tilt_all_-10,wrist_cap_1_tilt_all_-15,24
354,108558.2057884644,forearm_cap_2_tilt_all_0,upperarm_cap_2_tilt_all_0,upperarm_ring_tilt_all_60,24
355,108554.6518266551,base_cap_tilt_all_-60,forearm_cap_1_tilt_all_15,upperarm_cap_1_tilt_all_-15,24
356,108553.1156992387,flange_ring_tilt_all_-15,forearm_cap_1_tilt_all_15,upperarm_cap_1_tilt_all_-10,24
357,108539.3162241869,forearm_cap_1_tilt_all_15,forearm_cap_1_tilt_all_60,upperarm_cap_1_tilt_all_0,24
358,108538.6744847714,forearm_cap_1_tilt_all_10,forearm_ring_x_-0.15,upperarm_cap_1_tilt_all_-10,24
359,108536.9180976685,forearm_cap_2_tilt_all_0,upperarm_cap_1_tilt_all_0,upperarm_ring_tilt_all_45,24
360,108533.1513599820,forearm_cap_2_tilt_all_10,forearm_cap_2_tilt_all_45,upperarm_cap_1_tilt_all_0,24
361,108528.9929507075,forearm_cap_2_tilt_all_0,forearm_cap_2_tilt_all_30,upperarm_cap_1_tilt_all_0,24
362,108522.4450936720,forearm_cap_1_tilt_all_45,forearm_cap_2_tilt_all_0,upperarm_cap_1_tilt_all_-10,24
363,108521.5337934000,forearm_cap_1_tilt_all_15,upperarm_ring_tilt_all_0,upperarm_ring_tilt_all_60,24
364,108521.5337934000,forearm_cap_1_tilt_all_15,upperarm_ring_tilt_all_60,upperarm_ring_x_-0.11,24
365,108512.8386819789,forearm_cap_1_tilt_all_15,upperarm_cap_1_tilt_all_0,upperarm_ring_tilt_all_15,24
366,108511.5096420986,forearm_cap_1_tilt_all_10,upperarm_cap_2_tilt_all_-10,wrist_cap_1_tilt_all_-45,24
367,108506.3896639150,forearm_cap_2_tilt_all_30,upperarm_cap_1_tilt_all_-10,upperarm_cap_2_tilt_all_0,24
368,108505.8829987814,forearm_cap_1_tilt_all_10,forearm_ring_x_-0.25,upperarm_cap_1_tilt_all_-10,24
369,108504.8683742004,forearm_cap_1_tilt_all_10,forearm_cap_2_tilt_all_15,upperarm_cap_2_tilt_all_-15,24
370,108504.8141838031,forearm_cap_1_tilt_all_10,upperarm_cap_1_tilt_all_0,wrist_cap_2_tilt_all_10,24
371,108500.6758450490,base_cap_tilt_all_-10,forearm_cap_1_tilt_all_0,upperarm_cap_1_tilt_all_-15,24
372,108500.6382819597,forearm_cap_1_tilt_all_15,upperarm_cap_1_tilt_all_-15,wrist_cap_1_tilt_all_-10,24
373,108492.0368343295,upperarm_cap_2_tilt_all_0,upperarm_ring_tilt_all_10,upperarm_ring_tilt_all_60,24
374,108485.4447356877,forearm_cap_1_tilt_all_10,upperarm_cap_1_tilt_all_0,wrist_cap_1_tilt_all_-10,24
375,108484.7588868285,forearm_cap_1_tilt_all_15,upperarm_cap_1_tilt_all_-15,upperarm_cap_2_tilt_all_0,24
376,108481.6409800321,forearm_cap_1_tilt_all_15,upperarm_cap_1_tilt_all_-15,wrist_cap_2_tilt_all_30,24
377,108480.2918274499,flange_ring_tilt_all_-10,forearm_cap_1_tilt_all_10,upperarm_cap_1_tilt_all_-10,24
378,108476.1038002989,forearm_cap_1_tilt_all_15,forearm_cap_2_tilt_all_10,upperarm_cap_2_tilt_all_-15,24
379,108471.5607831052,base_cap_tilt_all_-15,forearm_cap_1_tilt_all_15,upperarm_cap_2_tilt_all_-15,24
380,108466.7662915597,base_cap_tilt_all_-30,forearm_cap_2_tilt_all_0,upperarm_cap_1_tilt_all_-10,24
381,108463.2771410465,forearm_cap_1_tilt_all_10,upperarm_cap_1_tilt_all_-15,wrist_cap_2_tilt_all_0,24
382,108461.2045015794,forearm_cap_1_tilt_all_10,upperarm_cap_1_tilt_all_-10,upperarm_ring_x_-0.36,24
383,108460.1807453027,base_cap_tilt_all_-45,forearm_cap_1_tilt_all_0,upperarm_cap_2_tilt_all_-30,24
384,108451.8381505765,forearm_cap_1_tilt_all_0,forearm_cap_1_tilt_all_60,upperarm_cap_1_tilt_all_-10,24
385,108448.3978053918,forearm_cap_1_tilt_all_15,upperarm_cap_1_tilt_all_-15,wrist_cap_2_tilt_all_0,24
386,108443.1684116651,forearm_cap_1_tilt_all_15,forearm_cap_2_tilt_all_10,upperarm_cap_2_tilt_all_-10,24
387,108438.9883678311,forearm_cap_1_tilt_all_30,forearm_cap_2_tilt_all_10,upperarm_cap_2_tilt_all_-10,24
388,108432.8974174260,forearm_cap_1_tilt_all_15,forearm_ring_x_-0.20,upperarm_cap_1_tilt_all_-10,24
389,108425.9226085229,forearm_cap_2_tilt_all_30,upperarm_cap_1_tilt_all_0,upperarm_cap_2_tilt_all_-10,24
390,108425.7087916596,base_cap_tilt_all_-10,forearm_cap_1_tilt_all_10,upperarm_cap_2_tilt_all_-15,24
391,108420.3973823129,base_cap_tilt_all_-30,forearm_cap_2_tilt_all_0,upperarm_cap_1_tilt_all_-15,24
392,108414.4315357095,forearm_cap_1_tilt_all_10,upperarm_cap_1_tilt_all_-10,wrist_cap_2_tilt_all_45,24
393,108411.4970176484,forearm_cap_2_tilt_all_0,upperarm_cap_1_tilt_all_-15,upperarm_ring_tilt_all_45,24
394,108410.9857780635,base_cap_tilt_all_-15,forearm_cap_2_tilt_all_10,upperarm_cap_2_tilt_all_-10,24
395,108407.6812670058,forearm_cap_1_tilt_all_10,forearm_cap_2_tilt_all_10,upperarm_cap_2_tilt_all_-10,24
396,108405.8816305813,forearm_cap_1_tilt_all_10,upperarm_cap_1_tilt_all_-15,wrist_cap_1_tilt_all_-45,24
397,108402.8334064803,forearm_cap_1_tilt_all_10,upperarm_cap_1_tilt_all_-10,upperarm_ring_x_-0.31,24
398,108399.2412097725,base_cap_tilt_all_-10,forearm_cap_1_tilt_all_0,upperarm_ring_tilt_all_60,24
399,108393.5132842138,forearm_cap_1_tilt_all_10,upperarm_ring_tilt_all_60,upperarm_ring_x_-0.36,24
400,108392.4537199533,forearm_cap_1_tilt_all_15,forearm_ring_x_-0.15,upperarm_cap_1_tilt_all_-10,24
401,108388.7946658939,forearm_cap_1_tilt_all_10,upperarm_cap_1_tilt_all_-10,upperarm_ring_x_-0.41,24
402,108383.3588982375,forearm_cap_1_tilt_all_0,forearm_cap_2_tilt_all_15,upperarm_cap_1_tilt_all_0,24
403,108381.1972154631,forearm_cap_2_tilt_all_0,upperarm_ring_tilt_all_60,upperarm_ring_x_-0.21,24
404,108379.5045509628,forearm_cap_1_tilt_all_10,upperarm_cap_2_tilt_all_-15,wrist_cap_1_tilt_all_-45,24
405,108376.9563909470,forearm_cap_2_tilt_all_10,upperarm_cap_1_tilt_all_0,upperarm_ring_tilt_all_30,24
406,108370.4843869102,forearm_cap_2_tilt_all_15,upperarm_cap_1_tilt_all_0,upperarm_ring_tilt_all_30,24
407,108363.6372619260,base_cap_tilt_all_-10,forearm_cap_1_tilt_all_10,upperarm_cap_2_tilt_all_-10,24
408,108363.1306881411,forearm_cap_2_tilt_all_10,forearm_cap_2_tilt_all_45,upperarm_cap_2_tilt_all_-10,24
409,108360.8885849795,forearm_cap_1_tilt_all_15,upperarm_cap_1_tilt_all_-10,wrist_cap_2_tilt_all_45,24
410,108360.7329938019,forearm_cap_1_tilt_all_10,forearm_ring_x_-0.30,upperarm_cap_1_tilt_all_-10,24
411,108358.9352209049,forearm_cap_1_tilt_all_10,upperarm_cap_1_tilt_all_-10,upperarm_ring_tilt_all_10,24
412,108347.3013677610,forearm_cap_1_tilt_all_15,upperarm_cap_1_tilt_all_-10,upperarm_ring_x_-0.36,24
413,108346.5897568389,forearm_cap_1_tilt_all_0,forearm_cap_1_tilt_all_30,upperarm_cap_2_tilt_all_-10,24
414,108346.1057474011,base_cap_tilt_all_-10,forearm_cap_1_tilt_all_15,upperarm_cap_2_tilt_all_-10,24
415,108328.3375946810,forearm_cap_2_tilt_all_10,upperarm_cap_1_tilt_all_-10,upperarm_ring_tilt_all_30,24
416,108314.3708719316,forearm_cap_1_tilt_all_10,forearm_cap_2_tilt_all_15,upperarm_cap_2_tilt_all_-10,24
417,108312.6044825440,base_cap_tilt_all_-60,forearm_cap_2_tilt_all_10,upperarm_cap_2_tilt_all_-15,24
418,108310.8761736083,flange_ring_tilt_all_0,forearm_cap_1_tilt_all_10,upperarm_cap_1_tilt_all_0,24
419,108307.7770044867,forearm_cap_1_tilt_all_15,forearm_ring_x_-0.25,upperarm_cap_1_tilt_all_-10,24
420,108306.8814249936,base_cap_tilt_all_-45,forearm_cap_1_tilt_all_30,upperarm_cap_2_tilt_all_-10,24
421,108306.7706959581,forearm_cap_1_tilt_all_15,upperarm_cap_1_tilt_all_-10,upperarm_ring_x_-0.41,24
422,108302.1879644895,forearm_cap_1_tilt_all_10,upperarm_cap_1_tilt_all_0,upperarm_ring_tilt_all_15,24
423,108299.5791527760,forearm_cap_1_tilt_all_15,upperarm_cap_1_tilt_all_-10,upperarm_ring_x_-0.31,24
424,108292.4254131615,forearm_cap_1_tilt_all_15,forearm_cap_2_tilt_all_30,upperarm_cap_1_tilt_all_-15,24
425,108292.1596766166,forearm_cap_1_tilt_all_30,upperarm_cap_1_tilt_all_0,upperarm_cap_2_tilt_all_-15,24
426,108290.2052098795,forearm_cap_1_tilt_all_30,forearm_cap_2_tilt_all_15,upperarm_cap_1_tilt_all_-10,24
427,108285.8009498111,base_cap_tilt_all_-30,forearm_cap_2_tilt_all_10,upperarm_cap_1_tilt_all_0,24
428,108284.0987630268,forearm_cap_1_tilt_all_15,upperarm_cap_1_tilt_all_-10,upperarm_ring_tilt_all_10,24
429,108264.9002049005,base_cap_tilt_all_0,upperarm_cap_2_tilt_all_0,upperarm_ring_tilt_all_45,24
430,108262.3429513445,base_cap_tilt_all_-45,forearm_cap_1_tilt_all_0,upperarm_cap_1_tilt_all_0,24
431,108259.8285808642,upperarm_cap_2_tilt_all_0,upperarm_ring_tilt_all_15,upperarm_ring_tilt_all_60,24
432,108259.3343529130,forearm_cap_1_tilt_all_15,upperarm_cap_1_tilt_all_-15,wrist_cap_1_tilt_all_-45,24
433,108257.7165474760,forearm_cap_1_tilt_all_0,upperarm_ring_tilt_all_60,upperarm_ring_x_-0.41,24
434,108255.9339416110,base_cap_tilt_all_-10,forearm_cap_2_tilt_all_15,upperarm_cap_2_tilt_all_-10,24
435,108250.3382655832,forearm_cap_1_tilt_all_0,upperarm_cap_1_tilt_all_-30,upperarm_ring_tilt_all_60,24
436,108248.9707229376,base_cap_tilt_all_-60,forearm_cap_1_tilt_all_15,upperarm_cap_2_tilt_all_0,24
437,108245.6185475357,forearm_cap_2_tilt_all_0,upperarm_ring_tilt_all_60,upperarm_ring_x_-0.16,24
438,108245.3084616904,forearm_cap_1_tilt_all_10,upperarm_cap_1_tilt_all_-10,upperarm_ring_x_-0.46,24
439,108244.5149575477,base_cap_tilt_all_-30,forearm_cap_1_tilt_all_10,upperarm_ring_tilt_all_60,24
440,108239.8269884196,forearm_cap_1_tilt_all_0,forearm_cap_1_tilt_all_60,upperarm_cap_1_tilt_all_-15,24
441,108239.6864204741,base_cap_tilt_all_-10,upperarm_cap_2_tilt_all_0,upperarm_ring_tilt_all_45,24
442,108235.4131566995,forearm_cap_1_tilt_all_10,upperarm_cap_1_tilt_all_-10,upperarm_ring_x_-0.26,24
443,108227.7395043840,forearm_cap_1_tilt_all_15,upperarm_cap_2_tilt_all_-10,wrist_cap_1_tilt_all_-10,24
444,108227.0710437250,forearm_cap_1_tilt_all_10,upperarm_ring_tilt_all_30,upperarm_ring_tilt_all_60,24
445,108226.9943348234,forearm_cap_1_tilt_all_10,upperarm_cap_1_tilt_all_-15,upperarm_ring_tilt_all_15,24
446,108199.0195977959,base_cap_tilt_all_-30,forearm_cap_2_tilt_all_15,upperarm_cap_1_tilt_all_0,24
447,108195.2978775506,forearm_cap_1_tilt_all_15,forearm_ring_x_-0.15,upperarm_cap_1_tilt_all_0,24
448,108193.8225906149,base_cap_tilt_all_-15,forearm_cap_2_tilt_all_10,upperarm_cap_1_tilt_all_-10,24
449,108191.9229360201,forearm_cap_1_tilt_all_15,forearm_ring_x_-0.20,upperarm_cap_1_tilt_all_0,24
450,108188.5588622424,forearm_cap_1_tilt_all_15,forearm_cap_1_tilt_all_45,upperarm_cap_1_tilt_all_-15,24
451,108187.5629568103,forearm_cap_1_tilt_all_45,forearm_cap_2_tilt_all_0,upperarm_cap_1_tilt_all_-15,24
452,108185.5101795800,base_cap_tilt_all_-30,forearm_cap_1_tilt_all_0,upperarm_cap_2_tilt_all_-30,24
453,108176.1276134149,flange_ring_tilt_all_0,forearm_cap_1_tilt_all_15,upperarm_cap_2_tilt_all_-10,24
454,108170.0357531292,forearm_cap_1_tilt_all_15,forearm_cap_1_tilt_all_30,upperarm_cap_1_tilt_all_-10,24
455,108167.5509224650,forearm_cap_1_tilt_all_15,upperarm_cap_1_tilt_all_-10,upperarm_ring_x_-0.26,24
456,108166.1500330804,forearm_cap_1_tilt_all_10,forearm_ring_x_-0.35,upperarm_cap_1_tilt_all_-10,24
457,108165.7956800021,forearm_cap_1_tilt_all_10,forearm_ring,upperarm_cap_1_tilt_all_-10,24
458,108165.7956800021,forearm_cap_1_tilt_all_10,forearm_ring_x_-0.10,upperarm_cap_1_tilt_all_-10,24
459,108160.6207027184,forearm_cap_1_tilt_all_30,upperarm_cap_2_tilt_all_0,wrist_cap_1_tilt_all_-30,24
460,108158.0853045196,base_cap_tilt_all_-45,forearm_cap_2_tilt_all_10,upperarm_cap_1_tilt_all_-10,24
461,108153.3991083775,forearm_cap_2_tilt_all_15,upperarm_cap_1_tilt_all_-10,upperarm_ring_tilt_all_30,24
462,108146.8528279280,forearm_cap_1_tilt_all_15,forearm_ring_x_-0.30,upperarm_cap_1_tilt_all_-10,24
463,108146.6190266053,base_cap_tilt_all_-15,forearm_cap_2_tilt_all_10,upperarm_cap_2_tilt_all_-15,24
464,108146.5350146548,base_cap_tilt_all_-30,forearm_cap_1_tilt_all_30,upperarm_cap_2_tilt_all_-10,24
465,108145.4075124029,forearm_cap_1_tilt_all_15,upperarm_cap_1_tilt_all_-10,upperarm_ring_x_-0.46,24
466,108135.1464422227,forearm_cap_1_tilt_all_15,upperarm_cap_1_tilt_all_-10,wrist_cap_1_tilt_all_-60,24
467,108135.0951124420,base_cap_tilt_all_-15,upperarm_cap_2_tilt_all_0,upperarm_ring_tilt_all_45,24
468,108121.9946132804,forearm_cap_1_tilt_all_10,upperarm_cap_1_tilt_all_-15,wrist_cap_1_tilt_all_0,24
469,108120.9988005312,base_cap_tilt_all_-60,forearm_cap_2_tilt_all_15,upperarm_cap_2_tilt_all_-15,24
470,108112.4483529073,base_cap_tilt_all_-15,forearm_cap_2_tilt_all_15,upperarm_cap_1_tilt_all_-10,24
471,108110.1080039821,upperarm_cap_2_tilt_all_0,upperarm_ring_tilt_all_45,wrist_cap_2_tilt_all_30,24
472,108101.3906655682,forearm_cap_1_tilt_all_45,forearm_cap_2_tilt_all_10,upperarm_cap_1_tilt_all_-10,24
473,108098.8731791679,base_cap_tilt_all_-30,forearm_cap_2_tilt_all_30,upperarm_cap_2_tilt_all_-10,24
474,108093.7590179751,forearm_cap_1_tilt_all_15,forearm_cap_2_tilt_all_45,upperarm_cap_1_tilt_all_0,24
475,108092.9637506189,forearm_cap_2_tilt_all_15,upperarm_cap_1_tilt_all_-15,upperarm_ring_tilt_all_45,24
476,108090.8504702115,forearm_cap_1_tilt_all_15,upperarm_cap_1_tilt_all_-15,wrist_cap_1_tilt_all_0,24
477,108090.2612621711,forearm_cap_1_tilt_all_10,upperarm_cap_1_tilt_all_0,wrist_cap_1_tilt_all_-45,24
478,108088.2636583780,base_cap_tilt_all_0,forearm_cap_1_tilt_all_10,upperarm_cap_1_tilt_all_0,24
479,108087.1416009210,forearm_cap_1_tilt_all_15,upperarm_cap_2_tilt_all_-10,wrist_cap_2_tilt_all_15,24
480,108085.3627249167,forearm_cap_1_tilt_all_10,upperarm_cap_1_tilt_all_0,wrist_cap_2_tilt_all_0,24
481,108083.5788203343,flange_ring_tilt_all_0,forearm_cap_1_tilt_all_0,upperarm_ring_tilt_all_45,24
482,108082.5245001804,base_cap_tilt_all_-45,forearm_cap_1_tilt_all_10,upperarm_cap_2_tilt_all_-30,24
483,108081.7663245607,forearm_cap_1_tilt_all_15,forearm_ring_x_-0.20,upperarm_cap_2_tilt_all_-10,24
484,108080.3667915052,upperarm_cap_2_tilt_all_0,upperarm_ring_tilt_all_60,upperarm_ring_x_-0.21,24
485,108068.6545642873,forearm_cap_1_tilt_all_10,upperarm_cap_2_tilt_all_0,upperarm_ring_tilt_all_30,24
486,108067.9791008259,base_cap_tilt_all_-45,forearm_cap_2_tilt_all_30,upperarm_cap_2_tilt_all_-10,24
487,108062.4252585513,forearm_cap_1_tilt_all_0,upperarm_ring_tilt_all_45,wrist_cap_1_tilt_all_0,24
488,108060.3450256309,forearm_cap_1_tilt_all_15,forearm_ring,upperarm_cap_1_tilt_all_-10,24
489,108060.3450256309,forearm_cap_1_tilt_all_15,forearm_ring_x_-0.10,upperarm_cap_1_tilt_all_-10,24
490,108056.7122944066,forearm_cap_2_tilt_all_15,forearm_cap_2_tilt_all_45,upperarm_cap_1_tilt_all_-10,24
491,108045.5040531247,forearm_cap_1_tilt_all_15,forearm_ring_x_-0.25,upperarm_cap_1_tilt_all_0,24
492,108044.1442090508,forearm_cap_1_tilt_all_10,upperarm_cap_1_tilt_all_-10,upperarm_ring_x_-0.51,24
493,108030.9254081655,flange_ring_tilt_all_-10,forearm_cap_1_tilt_all_0,upperarm_ring_tilt_all_45,24
494,108029.8778119346,base_cap_tilt_all_-30,forearm_cap_2_tilt_all_15,upperarm_cap_1_tilt_all_-15,24
495,108024.9598871032,base_cap_tilt_all_-10,forearm_cap_1_tilt_all_15,upperarm_cap_2_tilt_all_-15,24
496,108021.4535703874,flange_ring_tilt_all_-10,forearm_cap_1_tilt_all_15,upperarm_cap_1_tilt_all_-15,24
497,108015.0355046707,forearm_cap_1_tilt_all_10,forearm_cap_1_tilt_all_45,upperarm_cap_2_tilt_all_-10,24
498,108010.6603221417,forearm_cap_1_tilt_all_15,upperarm_cap_2_tilt_all_-10,wrist_cap_2_tilt_all_10,24
499,108008.6205399661,base_cap_tilt_all_-10,forearm_cap_2_tilt_all_10,upperarm_cap_2_tilt_all_-10,24
500,108003.2793063674,forearm_cap_1_tilt_all_15,upperarm_cap_1_tilt_all_0,upperarm_ring_x_-0.36,24
501,108002.8301944399,forearm_cap_1_tilt_all_10,forearm_cap_1_tilt_all_45,upperarm_cap_2_tilt_all_-15,24
502,108000.0436677936,forearm_cap_1_tilt_all_15,forearm_ring_x_-0.15,upperarm_cap_2_tilt_all_-10,24
503,107998.5766755348,forearm_cap_2_tilt_all_0,upperarm_ring_tilt_all_60,upperarm_ring_x_-0.26,24
504,107990.7366409039,forearm_cap_1_tilt_all_0,upperarm_cap_1_tilt_all_0,upperarm_ring_tilt_all_60,24
505,107985.0699540251,forearm_cap_1_tilt_all_10,upperarm_cap_2_tilt_all_-10,wrist_cap_1_tilt_all_-15,24
506,107982.4432877921,forearm_cap_1_tilt_all_15,forearm_cap_1_tilt_all_60,upperarm_cap_1_tilt_all_-15,24
507,107971.8995819798,forearm_cap_1_tilt_all_10,upperarm_cap_1_tilt_all_-10,upperarm_ring_x_-0.21,24
508,107971.2347336434,forearm_cap_1_tilt_all_10,forearm_cap_2_tilt_all_30,upperarm_cap_2_tilt_all_-10,24
509,107968.7546923862,forearm_cap_1_tilt_all_15,upperarm_cap_2_tilt_all_-30,upperarm_ring_tilt_all_60,24
510,107965.3620927804,forearm_cap_2_tilt_all_15,upperarm_cap_1_tilt_all_0,upperarm_cap_2_tilt_all_-10,24
511,107959.1328356920,forearm_cap_2_tilt_all_10,forearm_cap_2_tilt_all_30,upperarm_cap_1_tilt_all_-10,24
512,107959.0294234126,forearm_cap_1_tilt_all_10,forearm_cap_2_tilt_all_30,upperarm_cap_2_tilt_all_-15,24
513,107957.4446513412,forearm_cap_1_tilt_all_15,upperarm_cap_1_tilt_all_0,upperarm_ring_x_-0.41,24
514,107956.5988534455,flange_ring_tilt_all_-10,forearm_cap_1_tilt_all_10,upperarm_cap_1_tilt_all_0,24
515,107947.6846182708,flange_ring_tilt_all_-15,forearm_cap_1_tilt_all_10,upperarm_cap_1_tilt_all_-10,24
516,107940.7328820758,forearm_cap_1_tilt_all_15,upperarm_cap_1_tilt_all_0,upperarm_ring_x_-0.31,24
517,107927.0444946835,base_cap_tilt_all_-15,forearm_cap_1_tilt_all_0,upperarm_ring_tilt_all_45,24
518,107926.9275977264,flange_ring_tilt_all_-15,forearm_cap_1_tilt_all_0,upperarm_ring_tilt_all_45,24
519,107926.5963350895,forearm_cap_2_tilt_all_10,upperarm_cap_2_tilt_all_-10,upperarm_ring_tilt_all_30,24
520,107925.4097410455,forearm_cap_1_tilt_all_15,upperarm_cap_1_tilt_all_-10,upperarm_ring_x_-0.21,24
521,107923.3749515861,forearm_cap_1_tilt_all_15,forearm_cap_2_tilt_all_15,upperarm_cap_2_tilt_all_-10,24
522,107921.4928071433,forearm_cap_1_tilt_all_15,upperarm_cap_2_tilt_all_-10,wrist_cap_1_tilt_all_-60,24
523,107919.2881889367,upperarm_cap_2_tilt_all_0,upperarm_ring_tilt_all_60,upperarm_ring_x_-0.16,24
524,107918.0289958973,base_cap_tilt_all_-10,forearm_cap_2_tilt_all_10,upperarm_cap_1_tilt_all_-10,24
525,107911.9499879485,forearm_cap_1_tilt_all_15,forearm_ring_x_-0.35,upperarm_cap_1_tilt_all_-10,24
526,107910.4475706814,forearm_cap_1_tilt_all_15,upperarm_cap_2_tilt_all_-15,wrist_cap_1_tilt_all_-15,24
527,107908.4870110885,base_cap_tilt_all_0,forearm_cap_1_tilt_all_15,upperarm_cap_1_tilt_all_0,24
528,107907.9979287925,forearm_cap_1_tilt_all_15,upperarm_cap_1_tilt_all_-10,upperarm_ring_x_-0.51,24
529,107903.8496491483,forearm_cap_1_tilt_all_0,forearm_cap_2_tilt_all_0,upperarm_cap_1_tilt_all_-15,24
530,107903.6679446064,forearm_cap_2_tilt_all_10,upperarm_cap_1_tilt_all_-10,upperarm_ring_tilt_all_60,24
531,107903.5701142476,forearm_cap_1_tilt_all_10,upperarm_cap_1_tilt_all_0,wrist_cap_1_tilt_all_0,24
532,107901.1665424912,forearm_cap_1_tilt_all_15,upperarm_cap_1_tilt_all_0,upperarm_ring_tilt_all_10,24
533,107897.8012810413,forearm_cap_1_tilt_all_30,upperarm_cap_1_tilt_all_-15,upperarm_cap_2_tilt_all_0,24
534,107888.7267780704,base_cap_tilt_all_-15,forearm_cap_1_tilt_all_0,upperarm_cap_1_tilt_all_0,24
535,107884.3803742355,forearm_cap_2_tilt_all_10,forearm_cap_2_tilt_all_60,upperarm_cap_1_tilt_all_-15,24
536,107884.3160420583,base_cap_tilt_all_-45,forearm_cap_2_tilt_all_15,upperarm_cap_1_tilt_all_-10,24
537,107883.0852691749,forearm_cap_1_tilt_all_10,forearm_ring_x_-0.40,upperarm_cap_1_tilt_all_-10,24
538,107880.6624791070,base_cap_tilt_all_-10,forearm_cap_2_tilt_all_15,upperarm_cap_1_tilt_all_-10,24
539,107880.5138702425,forearm_cap_2_tilt_all_15,upperarm_cap_1_tilt_all_0,upperarm_cap_2_tilt_all_-15,24
540,107878.3343499070,flange_ring_tilt_all_-10,forearm_cap_1_tilt_all_10,upperarm_cap_1_tilt_all_-15,24
541,107877.2822991913,forearm_cap_1_tilt_all_10,forearm_ring_x_-0.15,upperarm_cap_1_tilt_all_0,24
542,107873.8013973914,forearm_cap_1_tilt_all_10,forearm_ring_x_-0.20,upperarm_cap_1_tilt_all_0,24
543,107851.7774914990,base_cap_tilt_all_-15,forearm_cap_2_tilt_all_15,upperarm_cap_2_tilt_all_-15,24
544,107851.4742353806,base_cap_tilt_all_-45,forearm_cap_2_tilt_all_10,upperarm_cap_1_tilt_all_-15,24
545,107850.2729863331,forearm_cap_1_tilt_all_15,upperarm_cap_2_tilt_all_-10,wrist_cap_2_tilt_all_30,24
546,107845.5080589841,forearm_cap_2_tilt_all_15,upperarm_cap_1_tilt_all_-10,upperarm_ring_tilt_all_60,24
547,107841.8471000898,forearm_cap_1_tilt_all_15,forearm_ring_x_-0.30,upperarm_cap_1_tilt_all_0,24
548,107833.9725893986,forearm_cap_1_tilt_all_10,forearm_cap_2_tilt_all_0,upperarm_cap_1_tilt_all_0,24
549,107830.6096832392,forearm_cap_2_tilt_all_15,upperarm_cap_2_tilt_all_-10,upperarm_ring_tilt_all_30,24
550,107829.8902908167,forearm_cap_2_tilt_all_15,forearm_cap_2_tilt_all_60,upperarm_cap_1_tilt_all_-10,24
551,107829.5936932282,forearm_cap_1_tilt_all_10,forearm_ring_x_-0.20,upperarm_cap_1_tilt_all_-15,24
552,107829.2575151161,forearm_cap_1_tilt_all_10,forearm_cap_2_tilt_all_0,upperarm_cap_2_tilt_all_-10,24
553,107823.5412139986,forearm_cap_1_tilt_all_10,forearm_ring_x_-0.15,upperarm_cap_1_tilt_all_-15,24
554,107817.9086701601,forearm_cap_1_tilt_all_10,upperarm_cap_1_tilt_all_-15,upperarm_ring_x_-0.36,24
555,107817.2717442724,base_cap_tilt_all_-60,forearm_cap_1_tilt_all_0,upperarm_cap_1_tilt_all_-15,24
556,107815.0491797552,base_cap_tilt_all_-60,forearm_cap_1_tilt_all_10,upperarm_cap_1_tilt_all_0,24
557,107810.7123575772,forearm_cap_1_tilt_all_0,forearm_cap_2_tilt_all_15,upperarm_cap_2_tilt_all_-15,24
558,107809.9069520338,flange_ring_tilt_all_0,forearm_cap_1_tilt_all_15,upperarm_cap_2_tilt_all_-15,24
559,107803.4402587243,forearm_cap_1_tilt_all_15,upperarm_cap_1_tilt_all_-15,upperarm_cap_2_tilt_all_-10,24
560,107802.4244248236,forearm_cap_1_tilt_all_10,upperarm_cap_1_tilt_all_-15,upperarm_ring_x_-0.41,24
561,107796.2098981899,forearm_cap_1_tilt_all_10,upperarm_cap_1_tilt_all_-10,wrist_cap_1_tilt_all_-60,24
562,107793.1134146392,base_cap_tilt_all_-10,forearm_cap_1_tilt_all_0,upperarm_ring_tilt_all_45,24
563,107792.6465082577,forearm_cap_1_tilt_all_30,forearm_cap_2_tilt_all_10,upperarm_cap_2_tilt_all_-15,24
564,107786.9009362543,base_cap_tilt_all_-10,forearm_cap_2_tilt_all_10,upperarm_cap_2_tilt_all_-15,24
565,107769.1246450385,forearm_cap_1_tilt_all_10,upperarm_cap_1_tilt_all_0,upperarm_ring_x_-0.36,24
566,107768.9205785799,forearm_cap_1_tilt_all_15,upperarm_ring_tilt_all_60,upperarm_ring_x_-0.31,24
567,107767.6605592616,forearm_cap_1_tilt_all_15,upperarm_cap_1_tilt_all_0,upperarm_ring_x_-0.46,24
568,107767.5058605519,forearm_cap_1_tilt_all_15,forearm_ring,upperarm_cap_1_tilt_all_0,24
569,107767.5058605519,forearm_cap_1_tilt_all_15,forearm_ring_x_-0.10,upperarm_cap_1_tilt_all_0,24
570,107766.3145865159,base_cap_tilt_all_-15,forearm_cap_2_tilt_all_15,upperarm_cap_1_tilt_all_0,24
571,107764.8338170464,forearm_cap_1_tilt_all_10,upperarm_cap_1_tilt_all_-15,wrist_cap_2_tilt_all_45,24
572,107761.5302728455,forearm_cap_1_tilt_all_10,forearm_ring_x_-0.25,upperarm_cap_1_tilt_all_0,24
573,107754.3023690830,forearm_cap_2_tilt_all_10,upperarm_ring_tilt_all_10,upperarm_ring_tilt_all_60,24
574,107752.8462867143,forearm_cap_1_tilt_all_15,upperarm_cap_1_tilt_all_0,upperarm_ring_x_-0.26,24
575,107747.3999024786,base_cap_tilt_all_0,forearm_cap_1_tilt_all_15,upperarm_cap_1_tilt_all_-15,24
576,107745.3866993138,forearm_cap_1_tilt_all_10,forearm_ring_x_-0.25,upperarm_cap_1_tilt_all_-15,24
577,107739.9550496735,forearm_cap_2_tilt_all_30,upperarm_cap_2_tilt_all_0,wrist_cap_1_tilt_all_-30,24
578,107739.5614971127,base_cap_tilt_all_-60,forearm_cap_1_tilt_all_15,upperarm_cap_1_tilt_all_0,24
579,107732.8251994610,forearm_cap_2_tilt_all_10,forearm_cap_2_tilt_all_60,upperarm_cap_1_tilt_all_0,24
580,107720.4524650556,forearm_cap_1_tilt_all_15,forearm_ring_x_-0.25,upperarm_cap_2_tilt_all_-10,24
581,107718.8433758327,forearm_cap_1_tilt_all_10,upperarm_cap_2_tilt_all_-15,wrist_cap_1_tilt_all_-15,24
582,107718.4158283351,forearm_cap_1_tilt_all_15,upperarm_cap_2_tilt_all_-15,wrist_cap_2_tilt_all_15,24
583,107716.5500171381,forearm_cap_1_tilt_all_0,upperarm_ring_tilt_all_45,wrist_cap_1_tilt_all_-10,24
584,107716.1214761587,forearm_cap_1_tilt_all_10,upperarm_cap_1_tilt_all_-15,upperarm_ring_x_-0.31,24
585,107712.3611327268,base_cap_tilt_all_-30,upperarm_cap_2_tilt_all_0,upperarm_ring_tilt_all_60,24
586,107710.6044922368,forearm_cap_1_tilt_all_10,upperarm_cap_1_tilt_all_0,upperarm_ring_x_-0.41,24
587,107708.0061017074,forearm_cap_1_tilt_all_10,upperarm_cap_1_tilt_all_0,upperarm_cap_2_tilt_all_-15,24
588,107697.8705244372,forearm_cap_1_tilt_all_15,upperarm_cap_2_tilt_all_-10,wrist_cap_2_tilt_all_0,24
589,107697.6233488007,base_cap_tilt_all_-30,forearm_cap_2_tilt_all_0,upperarm_cap_1_tilt_all_0,24
590,107694.7863817049,flange_ring_tilt_all_0,forearm_cap_2_tilt_all_15,upperarm_cap_1_tilt_all_0,24
591,107694.2482244808,upperarm_cap_2_tilt_all_0,upperarm_ring_tilt_all_60,upperarm_ring_x_-0.26,24
592,107693.0866663714,forearm_cap_2_tilt_all_10,forearm_cap_2_tilt_all_45,upperarm_cap_2_tilt_all_-15,24
593,107689.1440678631,forearm_cap_1_tilt_all_10,upperarm_cap_1_tilt_all_0,upperarm_cap_2_tilt_all_-30,24
594,107688.3223081222,base_cap_tilt_all_-30,forearm_cap_2_tilt_all_0,upperarm_cap_2_tilt_all_0,24
595,107687.7051430038,forearm_cap_1_tilt_all_10,upperarm_cap_1_tilt_all_0,upperarm_ring_x_-0.31,24
596,107683.2884971873,forearm_cap_1_tilt_all_15,upperarm_cap_1_tilt_all_0,wrist_cap_2_tilt_all_45,24
597,107682.5660856598,forearm_cap_1_tilt_all_15,upperarm_cap_2_tilt_all_-15,wrist_cap_2_tilt_all_10,24
598,107682.3782799193,flange_ring_tilt_all_0,forearm_cap_1_tilt_all_30,upperarm_cap_1_tilt_all_0,24
599,107675.5289859450,forearm_cap_1_tilt_all_10,upperarm_cap_1_tilt_all_-15,upperarm_ring_x_-0.46,24
600,107673.7620779340,flange_ring_tilt_all_-10,forearm_cap_2_tilt_all_15,upperarm_cap_1_tilt_all_0,24
601,107666.5719808935,forearm_cap_1_tilt_all_15,forearm_cap_2_tilt_all_15,upperarm_cap_2_tilt_all_-15,24
602,107651.7456733245,forearm_cap_1_tilt_all_15,upperarm_cap_2_tilt_all_0,wrist_cap_1_tilt_all_-45,24
603,107645.4406668728,forearm_cap_1_tilt_all_15,upperarm_cap_1_tilt_all_-15,upperarm_ring_tilt_all_15,24
604,107641.4452616360,base_cap_tilt_all_-60,forearm_cap_1_tilt_all_10,upperarm_cap_2_tilt_all_0,24
605,107636.7670661682,forearm_cap_1_tilt_all_10,upperarm_cap_2_tilt_all_0,wrist_cap_1_tilt_all_-30,24
606,107635.1256293382,forearm_cap_1_tilt_all_0,forearm_cap_2_tilt_all_45,upperarm_cap_2_tilt_all_-15,24
607,107630.0370274467,base_cap_tilt_all_-60,forearm_cap_1_tilt_all_0,upperarm_cap_2_tilt_all_-15,24
608,107627.2832643306,forearm_cap_1_tilt_all_15,upperarm_cap_1_tilt_all_0,wrist_cap_1_tilt_all_-60,24
609,107626.9477350246,forearm_cap_1_tilt_all_10,forearm_ring_x_-0.20,upperarm_cap_2_tilt_all_-10,24
610,107626.7728537734,base_cap_tilt_all_-30,forearm_cap_1_tilt_all_10,upperarm_cap_2_tilt_all_-30,24
611,107623.4965179178,base_cap_tilt_all_-15,forearm_cap_2_tilt_all_10,upperarm_cap_1_tilt_all_-15,24
612,107611.4683340457,base_cap_tilt_all_-15,forearm_cap_1_tilt_all_10,upperarm_ring_tilt_all_60,24
613,107610.0588194136,base_cap_tilt_all_-45,forearm_cap_2_tilt_all_0,upperarm_cap_1_tilt_all_-15,24
614,107608.3101392739,forearm_cap_2_tilt_all_15,upperarm_cap_1_tilt_all_0,upperarm_ring_tilt_all_60,24
615,107608.0426007453,base_cap_tilt_all_-60,forearm_cap_1_tilt_all_0,upperarm_cap_1_tilt_all_-10,24
616,107606.5039870630,forearm_cap_1_tilt_all_10,upperarm_cap_1_tilt_all_0,upperarm_ring_tilt_all_10,24
617,107600.2299744165,forearm_cap_1_tilt_all_10,upperarm_cap_2_tilt_all_-10,wrist_cap_2_tilt_all_15,24
618,107599.6306828461,forearm_cap_1_tilt_all_10,forearm_ring_x_-0.15,upperarm_cap_2_tilt_all_-10,24
619,107599.4769824874,forearm_cap_1_tilt_all_15,upperarm_cap_1_tilt_all_0,upperarm_ring_x_-0.51,24
620,107595.4290593897,forearm_cap_1_tilt_all_15,forearm_ring_x_-0.40,upperarm_cap_1_tilt_all_-10,24
621,107592.4791958310,forearm_cap_1_tilt_all_15,upperarm_cap_1_tilt_all_-30,upperarm_cap_1_tilt_all_0,24
622,107591.5780284374,forearm_cap_1_tilt_all_10,upperarm_cap_2_tilt_all_-10,wrist_cap_1_tilt_all_-10,24
623,107589.8551869394,forearm_cap_1_tilt_all_10,forearm_ring_x_-0.30,upperarm_cap_1_tilt_all_0,24
624,107588.0779456342,forearm_cap_1_tilt_all_15,upperarm_cap_2_tilt_all_-15,wrist_cap_1_tilt_all_-10,24
625,107578.3895445346,base_cap_tilt_all_0,forearm_cap_1_tilt_all_0,upperarm_cap_1_tilt_all_-10,24
626,107572.9603765025,forearm_cap_1_tilt_all_10,forearm_ring_x_-0.30,upperarm_cap_1_tilt_all_-15,24
627,107567.3853839789,forearm_cap_1_tilt_all_15,forearm_ring,upperarm_cap_2_tilt_all_-10,24
628,107567.3853839789,forearm_cap_1_tilt_all_15,forearm_ring_x_-0.10,upperarm_cap_2_tilt_all_-10,24
629,107566.8111481479,base_cap_tilt_all_-15,forearm_cap_2_tilt_all_10,upperarm_cap_1_tilt_all_0,24
630,107560.5538238415,forearm_cap_1_tilt_all_0,forearm_cap_2_tilt_all_0,upperarm_cap_1_tilt_all_-10,24
631,107559.7799961062,forearm_cap_1_tilt_all_10,upperarm_cap_2_tilt_all_-15,wrist_cap_2_tilt_all_15,24
632,107552.7952390103,base_cap_tilt_all_-30,forearm_cap_1_tilt_all_0,upperarm_cap_2_tilt_all_0,24
633,107551.3801339565,forearm_cap_1_tilt_all_15,upperarm_cap_2_tilt_all_0,wrist_cap_1_tilt_all_-15,24
634,107550.3465435573,forearm_cap_1_tilt_all_10,upperarm_cap_1_tilt_all_-10,upperarm_ring_x_-0.16,24
635,107549.8170436355,forearm_cap_2_tilt_all_10,upperarm_cap_1_tilt_all_-15,upperarm_ring_tilt_all_60,24
636,107549.1873254088,base_cap_tilt_all_-45,forearm_cap_1_tilt_all_0,upperarm_cap_2_tilt_all_0,24
637,107545.1933957489,base_cap_tilt_all_-45,base_cap_tilt_all_0,upperarm_cap_2_tilt_all_0,24
638,107544.1080444142,forearm_cap_1_tilt_all_15,forearm_ring_x_-0.35,upperarm_cap_1_tilt_all_0,24
639,107543.0042721841,flange_ring_tilt_all_0,forearm_cap_1_tilt_all_0,upperarm_ring_tilt_all_60,24
640,107542.3802076249,forearm_cap_1_tilt_all_10,upperarm_cap_1_tilt_all_-15,upperarm_ring_tilt_all_10,24
641,107542.0252297170,base_cap_tilt_all_-10,forearm_cap_2_tilt_all_15,upperarm_cap_2_tilt_all_-15,24
642,107540.9504221080,forearm_cap_1_tilt_all_10,upperarm_cap_1_tilt_all_0,upperarm_ring_x_-0.46,24
643,107540.7601204238,flange_ring_tilt_all_0,forearm_cap_2_tilt_all_15,upperarm_cap_1_tilt_all_-10,24
644,107537.6219869560,forearm_cap_1_tilt_all_15,forearm_cap_2_tilt_all_45,upperarm_cap_1_tilt_all_-15,24
645,107536.6741321986,base_cap_tilt_all_-45,forearm_cap_2_tilt_all_0,upperarm_cap_1_tilt_all_-10,24
646,107536.6151779468,base_cap_tilt_all_-60,forearm_cap_2_tilt_all_15,upperarm_cap_2_tilt_all_0,24
647,107532.5845958326,forearm_cap_1_tilt_all_15,upperarm_cap_1_tilt_all_-10,upperarm_ring_x_-0.16,24
648,107530.1891582539,forearm_cap_1_tilt_all_15,upperarm_cap_2_tilt_all_-10,wrist_cap_1_tilt_all_0,24
649,107523.9006933446,forearm_cap_2_tilt_all_30,upperarm_cap_1_tilt_all_0,upperarm_cap_2_tilt_all_-15,24
650,107521.5171491447,flange_ring_tilt_all_-15,forearm_cap_1_tilt_all_10,upperarm_cap_1_tilt_all_0,24
651,107507.3674051532,forearm_cap_1_tilt_all_10,forearm_ring_x_-0.45,upperarm_cap_1_tilt_all_-10,24
652,107503.5013707450,forearm_cap_1_tilt_all_0,upperarm_ring_tilt_all_45,wrist_cap_1_tilt_all_-15,24
653,107493.8586973012,base_cap_tilt_all_-15,forearm_cap_1_tilt_all_0,upperarm_cap_2_tilt_all_-15,24
654,107493.1359518702,forearm_cap_1_tilt_all_15,upperarm_cap_1_tilt_all_0,upperarm_ring_x_-0.21,24
655,107489.2367469433,forearm_cap_1_tilt_all_10,upperarm_cap_2_tilt_all_-10,wrist_cap_2_tilt_all_10,24
656,107488.2943086223,forearm_cap_1_tilt_all_10,upperarm_cap_1_tilt_all_-15,upperarm_ring_x_-0.51,24
657,107485.8986541552,base_cap_tilt_all_-45,forearm_cap_1_tilt_all_0,upperarm_ring_tilt_all_60,24
658,107484.3978519676,forearm_cap_1_tilt_all_10,upperarm_cap_1_tilt_all_0,upperarm_cap_2_tilt_all_-10,24
659,107474.9637435810,forearm_cap_1_tilt_all_10,forearm_ring,upperarm_cap_1_tilt_all_-15,24
660,107474.9637435810,forearm_cap_1_tilt_all_10,forearm_ring_x_-0.10,upperarm_cap_1_tilt_all_-15,24
661,107473.8690336885,forearm_cap_1_tilt_all_10,upperarm_cap_2_tilt_all_-15,wrist_cap_2_tilt_all_10,24
662,107462.5075011558,forearm_cap_1_tilt_all_30,forearm_cap_2_tilt_all_15,upperarm_cap_1_tilt_all_0,24
663,107460.4450114352,forearm_cap_1_tilt_all_10,upperarm_cap_1_tilt_all_0,upperarm_ring_x_-0.26,24
664,107449.9800137095,forearm_cap_2_tilt_all_15,upperarm_cap_1_tilt_all_-10,upperarm_cap_2_tilt_all_0,24
665,107446.6677364706,forearm_cap_1_tilt_all_45,forearm_cap_2_tilt_all_0,upperarm_cap_1_tilt_all_0,24
666,107445.7990192957,base_cap_tilt_all_-10,forearm_cap_2_tilt_all_15,upperarm_cap_1_tilt_all_0,24
667,107435.9779330906,forearm_cap_1_tilt_all_10,upperarm_cap_1_tilt_all_-15,upperarm_ring_x_-0.26,24
668,107430.5182508086,forearm_cap_1_tilt_all_0,forearm_cap_1_tilt_all_15,upperarm_cap_1_tilt_all_-10,24
669,107430.1469075382,forearm_cap_1_tilt_all_10,upperarm_cap_2_tilt_all_-10,wrist_cap_2_tilt_all_30,24
670,107430.1054590443,base_cap_tilt_all_0,forearm_cap_1_tilt_all_0,upperarm_cap_1_tilt_all_-15,24
671,107428.5679444238,forearm_cap_2_tilt_all_0,upperarm_ring_tilt_all_0,upperarm_ring_tilt_all_60,24
672,107428.5679444238,forearm_cap_2_tilt_all_0,upperarm_ring_tilt_all_60,upperarm_ring_x_-0.11,24
673,107412.1896501979,forearm_cap_1_tilt_all_15,upperarm_cap_2_tilt_all_-15,wrist_cap_1_tilt_all_-60,24
674,107409.1456527306,forearm_cap_1_tilt_all_10,forearm_ring,upperarm_cap_1_tilt_all_0,24
675,107409.1456527306,forearm_cap_1_tilt_all_10,forearm_ring_x_-0.10,upperarm_cap_1_tilt_all_0,24
676,107406.8453452554,flange_ring_tilt_all_-15,forearm_cap_1_tilt_all_15,upperarm_cap_1_tilt_all_-15,24
677,107405.5437825695,forearm_cap_1_tilt_all_0,forearm_cap_2_tilt_all_10,upperarm_cap_1_tilt_all_0,24
678,107393.3688615209,forearm_cap_1_tilt_all_15,upperarm_cap_2_tilt_all_-30,upperarm_ring_tilt_all_45,24
679,107390.4213353910,forearm_cap_2_tilt_all_10,forearm_cap_2_tilt_all_60,upperarm_cap_2_tilt_all_-10,24
680,107386.6315467197,forearm_cap_1_tilt_all_10,upperarm_cap_1_tilt_all_0,upperarm_ring_x_-0.51,24
681,107385.1677681091,base_cap_tilt_all_0,forearm_cap_1_tilt_all_0,upperarm_ring_tilt_all_45,24
682,107380.6813241136,base_cap_tilt_all_0,forearm_cap_1_tilt_all_10,upperarm_cap_2_tilt_all_-15,24
683,107377.7117270646,forearm_cap_2_tilt_all_10,upperarm_cap_1_tilt_all_-15,upperarm_ring_tilt_all_30,24
684,107364.2250431312,forearm_cap_2_tilt_all_10,upperarm_ring_tilt_all_60,upperarm_ring_x_-0.21,24
685,107361.5147602090,flange_ring_tilt_all_0,forearm_cap_1_tilt_all_10,upperarm_ring_tilt_all_60,24
686,107360.4899477961,flange_ring_tilt_all_0,forearm_cap_2_tilt_all_30,upperarm_cap_1_tilt_all_0,24
687,107356.7771067886,base_cap_tilt_all_-10,forearm_cap_2_tilt_all_10,upperarm_cap_1_tilt_all_-15,24
688,107356.2763558860,forearm_cap_1_tilt_all_10,forearm_ring_x_-0.35,upperarm_cap_1_tilt_all_-15,24
689,107355.7892268338,flange_ring_tilt_all_-15,forearm_cap_2_tilt_all_15,upperarm_cap_1_tilt_all_0,24
690,107355.5690314314,base_cap_tilt_all_-10,forearm_cap_1_tilt_all_0,upperarm_cap_1_tilt_all_0,24
691,107355.0119532634,base_cap_tilt_all_0,forearm_cap_2_tilt_all_15,upperarm_cap_2_tilt_all_-10,24
692,107354.4951270992,base_cap_tilt_all_-30,upperarm_cap_2_tilt_all_0,upperarm_ring_tilt_all_45,24
693,107351.4476094712,forearm_cap_2_tilt_all_0,upperarm_ring_tilt_all_60,upperarm_ring_x_-0.31,24
694,107347.3474647991,forearm_cap_1_tilt_all_10,upperarm_cap_2_tilt_all_-15,wrist_cap_1_tilt_all_-10,24
695,107346.1846497684,forearm_cap_2_tilt_all_15,upperarm_cap_2_tilt_all_0,upperarm_ring_tilt_all_30,24
696,107338.2249610726,forearm_cap_1_tilt_all_10,upperarm_ring_tilt_all_60,upperarm_ring_x_-0.41,24
697,107338.0307362342,forearm_cap_1_tilt_all_10,forearm_ring_x_-0.35,upperarm_cap_1_tilt_all_0,24
698,107330.7993051321,forearm_cap_1_tilt_all_30,upperarm_cap_2_tilt_all_-15,upperarm_ring_tilt_all_60,24
699,107327.6506866098,forearm_cap_1_tilt_all_15,upperarm_cap_2_tilt_all_-15,wrist_cap_2_tilt_all_0,24
700,107325.1704802518,forearm_cap_1_tilt_all_10,upperarm_cap_1_tilt_all_0,wrist_cap_2_tilt_all_45,24
701,107317.1888670672,flange_ring_tilt_all_-10,forearm_cap_1_tilt_all_10,upperarm_ring_tilt_all_60,24
702,107316.7145360479,forearm_cap_2_tilt_all_0,upperarm_cap_1_tilt_all_0,upperarm_ring_tilt_all_30,24
703,107309.3056744980,base_cap_tilt_all_0,forearm_cap_1_tilt_all_15,upperarm_cap_2_tilt_all_-10,24
704,107306.8498273689,forearm_cap_2_tilt_all_10,upperarm_cap_1_tilt_all_0,upperarm_ring_tilt_all_60,24
705,107306.2589670090,flange_ring_tilt_all_-10,forearm_cap_2_tilt_all_15,upperarm_cap_1_tilt_all_-10,24
706,107303.1253405922,forearm_cap_1_tilt_all_10,upperarm_cap_1_tilt_all_-15,wrist_cap_1_tilt_all_-60,24
707,107302.8405658625,forearm_cap_1_tilt_all_15,upperarm_cap_1_tilt_all_-45,upperarm_cap_1_tilt_all_0,24
708,107299.9071690046,flange_ring_tilt_all_-10,forearm_cap_1_tilt_all_0,upperarm_ring_tilt_all_60,24
709,107297.1875220735,base_cap_tilt_all_-45,forearm_cap_2_tilt_all_0,upperarm_cap_2_tilt_all_0,24
710,107293.9127566136,forearm_cap_1_tilt_all_0,upperarm_ring_tilt_all_60,upperarm_ring_x_-0.46,24
711,107293.6641508132,forearm_cap_2_tilt_all_10,upperarm_ring_tilt_all_60,upperarm_ring_x_-0.16,24
712,107292.3659491276,forearm_cap_1_tilt_all_10,forearm_ring_x_-0.25,upperarm_cap_2_tilt_all_-10,24
713,107289.7604922638,flange_ring_tilt_all_0,forearm_cap_1_tilt_all_10,upperarm_cap_2_tilt_all_-10,24
714,107288.6418909215,forearm_cap_1_tilt_all_0,upperarm_cap_1_tilt_all_-30,upperarm_ring_tilt_all_45,24
715,107286.7597730677,flange_ring_tilt_all_0,forearm_cap_1_tilt_all_10,upperarm_cap_2_tilt_all_-15,24
716,107282.8198637322,forearm_cap_2_tilt_all_30,upperarm_cap_2_tilt_all_-15,upperarm_ring_tilt_all_60,24
717,107282.7906733273,forearm_cap_2_tilt_all_0,forearm_cap_2_tilt_all_60,upperarm_cap_1_tilt_all_-10,24
718,107280.1911665371,forearm_cap_1_tilt_all_10,upperarm_cap_1_tilt_all_-10,upperarm_cap_2_tilt_all_-10,24
719,107275.2210427169,forearm_cap_1_tilt_all_10,upperarm_cap_2_tilt_all_-15,wrist_cap_2_tilt_all_30,24
720,107274.4925303536,forearm_cap_2_tilt_all_30,upperarm_cap_1_tilt_all_-15,upperarm_cap_2_tilt_all_0,24
721,107268.1499120569,forearm_cap_2_tilt_all_10,upperarm_ring_tilt_all_15,upperarm_ring_tilt_all_60,24
722,107264.2221488634,forearm_cap_1_tilt_all_10,forearm_ring_x_-0.15,upperarm_cap_2_tilt_all_-15,24
723,107262.7190601085,forearm_cap_2_tilt_all_15,forearm_cap_2_tilt_all_45,upperarm_cap_1_tilt_all_0,24
724,107261.9340182439,base_cap_tilt_all_-15,upperarm_cap_2_tilt_all_0,upperarm_ring_tilt_all_60,24
725,107260.8348494241,base_cap_tilt_all_-60,forearm_cap_1_tilt_all_30,upperarm_cap_2_tilt_all_0,24
726,107258.3201597687,forearm_cap_1_tilt_all_15,upperarm_cap_2_tilt_all_-15,wrist_cap_2_tilt_all_30,24
727,107257.4041220622,forearm_cap_1_tilt_all_10,forearm_ring_x_-0.20,upperarm_cap_2_tilt_all_-15,24
728,107256.6608381396,flange_ring_tilt_all_-15,forearm_cap_1_tilt_all_10,upperarm_cap_1_tilt_all_-15,24
729,107251.3953722359,upperarm_cap_2_tilt_all_0,upperarm_ring_tilt_all_45,wrist_cap_2_tilt_all_15,24
730,107240.7173965432,forearm_cap_1_tilt_all_15,upperarm_cap_1_tilt_all_-15,upperarm_ring_x_-0.41,24
731,107240.5303230690,forearm_cap_1_tilt_all_15,forearm_cap_1_tilt_all_30,upperarm_cap_1_tilt_all_0,24
732,107232.6044023679,base_cap_tilt_all_-15,forearm_cap_1_tilt_all_15,upperarm_cap_2_tilt_all_0,24
733,107230.3963218854,forearm_cap_1_tilt_all_15,upperarm_cap_2_tilt_all_0,wrist_cap_1_tilt_all_-10,24
734,107230.2670784293,forearm_cap_1_tilt_all_15,upperarm_cap_1_tilt_all_-15,upperarm_ring_x_-0.36,24
735,107227.7656130267,base_cap_tilt_all_-45,forearm_cap_2_tilt_all_15,upperarm_cap_1_tilt_all_-15,24
736,107226.7157474334,forearm_cap_2_tilt_all_15,upperarm_cap_1_tilt_all_-10,upperarm_cap_2_tilt_all_-10,24
737,107226.5962708181,base_cap_tilt_all_0,forearm_cap_1_tilt_all_10,upperarm_cap_2_tilt_all_-10,24
738,107225.0816217698,forearm_cap_1_tilt_all_15,upperarm_cap_1_tilt_all_-15,wrist_cap_2_tilt_all_45,24
739,107223.5842325780,forearm_cap_2_tilt_all_15,upperarm_cap_1_tilt_all_0,upperarm_cap_2_tilt_all_0,24
740,107222.4621595537,forearm_cap_1_tilt_all_0,forearm_cap_2_tilt_all_10,upperarm_cap_2_tilt_all_-15,24
741,107221.3751502207,forearm_cap_1_tilt_all_15,forearm_ring_x_-0.40,upperarm_cap_1_tilt_all_0,24
742,107218.5638226095,forearm_cap_1_tilt_all_10,forearm_cap_2_tilt_all_60,upperarm_cap_1_tilt_all_-10,24
743,107218.5070886516,forearm_cap_1_tilt_all_0,forearm_cap_1_tilt_all_15,upperarm_cap_1_tilt_all_-15,24
744,107215.5944507177,forearm_cap_1_tilt_all_15,forearm_ring_x_-0.20,upperarm_cap_1_tilt_all_-15,24
745,107215.3497398920,forearm_cap_1_tilt_all_15,upperarm_cap_1_tilt_all_-15,wrist_cap_1_tilt_all_-60,24
746,107210.4688410802,forearm_cap_1_tilt_all_15,forearm_ring_x_-0.15,upperarm_cap_1_tilt_all_-15,24
747,107204.2588478134,forearm_cap_1_tilt_all_15,upperarm_cap_1_tilt_all_-10,wrist_cap_2_tilt_all_60,24
748,107203.9358914790,forearm_cap_1_tilt_all_15,forearm_ring_x_-0.20,upperarm_cap_2_tilt_all_-15,24
749,107199.2340445292,base_cap_tilt_all_-15,forearm_cap_2_tilt_all_15,upperarm_cap_1_tilt_all_-15,24
750,107194.3386453454,forearm_cap_1_tilt_all_15,forearm_ring_x_-0.45,upperarm_cap_1_tilt_all_-10,24
751,107189.0409512568,base_cap_tilt_all_-45,forearm_cap_2_tilt_all_10,upperarm_cap_1_tilt_all_0,24
752,107188.8429694889,base_cap_tilt_all_-10,forearm_cap_2_tilt_all_10,upperarm_cap_1_tilt_all_0,24
753,107188.0300984382,base_cap_tilt_all_-15,forearm_cap_2_tilt_all_15,upperarm_cap_2_tilt_all_0,24
754,107185.5330811396,forearm_cap_2_tilt_all_15,upperarm_cap_1_tilt_all_-15,upperarm_ring_tilt_all_60,24
755,107183.1498329468,forearm_cap_1_tilt_all_30,upperarm_cap_1_tilt_all_0,wrist_cap_2_tilt_all_0,24
756,107180.0860179434,forearm_cap_2_tilt_all_10,upperarm_cap_2_tilt_all_-15,upperarm_ring_tilt_all_30,24
757,107179.7351099854,flange_ring_tilt_all_0,forearm_cap_2_tilt_all_15,upperarm_cap_2_tilt_all_-10,24
758,107177.4339402849,base_cap_tilt_all_0,forearm_cap_2_tilt_all_15,upperarm_cap_1_tilt_all_-10,24
759,107176.9182782014,forearm_cap_1_tilt_all_10,upperarm_cap_1_tilt_all_-10,upperarm_cap_2_tilt_all_-15,24
760,107165.6000575466,flange_ring_tilt_all_-30,forearm_cap_1_tilt_all_15,upperarm_cap_1_tilt_all_0,24
761,107161.7837220777,forearm_cap_1_tilt_all_10,forearm_ring,upperarm_cap_2_tilt_all_-10,24
762,107161.7837220777,forearm_cap_1_tilt_all_10,forearm_ring_x_-0.10,upperarm_cap_2_tilt_all_-10,24
763,107161.2062854277,forearm_cap_1_tilt_all_15,upperarm_cap_1_tilt_all_-15,upperarm_cap_2_tilt_all_-15,24
764,107156.8773011656,flange_ring_tilt_all_-15,forearm_cap_1_tilt_all_0,upperarm_ring_tilt_all_60,24
765,107154.6897010136,base_cap_tilt_all_-60,forearm_cap_1_tilt_all_0,upperarm_cap_2_tilt_all_-10,24
766,107153.6535575224,forearm_cap_1_tilt_all_15,upperarm_cap_1_tilt_all_-15,upperarm_ring_x_-0.31,24
767,107152.6132971307,forearm_cap_1_tilt_all_30,upperarm_cap_2_tilt_all_0,wrist_cap_1_tilt_all_-45,24
768,107151.0570667884,base_cap_tilt_all_-45,forearm_cap_2_tilt_all_15,upperarm_cap_1_tilt_all_0,24
769,107150.5136465589,forearm_cap_1_tilt_all_10,upperarm_cap_1_tilt_all_0,upperarm_ring_x_-0.21,24
770,107150.4550657118,base_cap_tilt_all_0,forearm_cap_2_tilt_all_10,upperarm_cap_1_tilt_all_-10,24
771,107149.9688595136,forearm_cap_1_tilt_all_15,forearm_ring_x_-0.15,upperarm_cap_2_tilt_all_-15,24
772,107142.3310837990,flange_ring_tilt_all_-15,forearm_cap_1_tilt_all_10,upperarm_ring_tilt_all_60,24
773,107142.0317336360,forearm_cap_1_tilt_all_10,upperarm_cap_1_tilt_all_-15,upperarm_ring_x_-0.21,24
774,107139.0884373413,forearm_cap_2_tilt_all_15,upperarm_cap_1_tilt_all_-10,wrist_cap_2_tilt_all_0,24
775,107136.6429599900,forearm_cap_2_tilt_all_15,upperarm_cap_1_tilt_all_-15,upperarm_cap_2_tilt_all_0,24
776,107135.0640143796,forearm_cap_1_tilt_all_30,upperarm_cap_1_tilt_all_0,wrist_cap_2_tilt_all_10,24
777,107133.8136198671,forearm_cap_1_tilt_all_0,upperarm_ring_tilt_all_60,wrist_cap_2_tilt_all_0,24
778,107127.0335180062,forearm_cap_1_tilt_all_0,upperarm_ring_tilt_all_60,wrist_cap_2_tilt_all_10,24
779,107117.2784005512,flange_ring_tilt_all_-30,forearm_cap_1_tilt_all_15,upperarm_cap_1_tilt_all_-10,24
780,107117.0987051675,forearm_cap_1_tilt_all_30,upperarm_cap_2_tilt_all_0,wrist_cap_1_tilt_all_-15,24
781,107115.3332397749,forearm_cap_2_tilt_all_30,upperarm_cap_1_tilt_all_0,wrist_cap_2_tilt_all_0,24
782,107110.2709665451,forearm_cap_1_tilt_all_0,upperarm_ring_tilt_all_60,wrist_cap_1_tilt_all_0,24
783,107100.4430062521,forearm_cap_1_tilt_all_30,upperarm_cap_2_tilt_all_-15,upperarm_ring_tilt_all_45,24
784,107095.1710081160,forearm_cap_1_tilt_all_15,upperarm_cap_1_tilt_all_-15,upperarm_ring_x_-0.46,24
785,107094.4000790252,forearm_cap_1_tilt_all_15,upperarm_cap_1_tilt_all_-30,upperarm_cap_2_tilt_all_0,24
786,107093.9301776374,forearm_cap_2_tilt_all_15,forearm_cap_2_tilt_all_60,upperarm_cap_1_tilt_all_0,24
787,107089.3925031680,flange_ring_tilt_all_-10,forearm_cap_1_tilt_all_15,upperarm_cap_2_tilt_all_-10,24
788,107086.6623642445,forearm_cap_1_tilt_all_15,forearm_ring_x_-0.30,upperarm_cap_2_tilt_all_-10,24
789,107086.4210611355,base_cap_tilt_all_-30,upperarm_cap_2_tilt_all_0,wrist_cap_2_tilt_all_30,24
790,107086.0708182298,forearm_cap_1_tilt_all_10,upperarm_cap_1_tilt_all_-10,wrist_cap_2_tilt_all_60,24
791,107083.1042930762,forearm_cap_1_tilt_all_10,forearm_cap_1_tilt_all_60,upperarm_cap_2_tilt_all_-10,24
792,107081.3210701106,forearm_cap_1_tilt_all_15,upperarm_cap_1_tilt_all_-10,upperarm_cap_2_tilt_all_-30,24
793,107075.5865546111,forearm_cap_1_tilt_all_15,forearm_ring_x_-0.25,upperarm_cap_1_tilt_all_-15,24
794,107070.9510319068,forearm_cap_1_tilt_all_10,upperarm_cap_2_tilt_all_-10,wrist_cap_2_tilt_all_0,24
795,107070.8989828455,forearm_cap_1_tilt_all_10,forearm_cap_1_tilt_all_60,upperarm_cap_2_tilt_all_-15,24
796,107068.7212155238,flange_ring_tilt_all_-10,forearm_cap_1_tilt_all_10,upperarm_ring_tilt_all_45,24
797,107065.0170787960,forearm_cap_1_tilt_all_0,forearm_cap_2_tilt_all_15,upperarm_cap_2_tilt_all_-10,24
798,107058.2883754010,base_cap_tilt_all_-10,forearm_cap_1_tilt_all_10,upperarm_ring_tilt_all_60,24
799,107057.6903006609,base_cap_tilt_all_0,forearm_cap_1_tilt_all_15,upperarm_cap_2_tilt_all_-15,24
800,107056.6508433740,forearm_cap_1_tilt_all_15,upperarm_cap_1_tilt_all_0,upperarm_ring_x_-0.16,24
801,107051.3569470213,forearm_cap_1_tilt_all_10,forearm_ring_x_-0.40,upperarm_cap_1_tilt_all_0,24
802,107049.0068269110,forearm_cap_1_tilt_all_0,upperarm_ring_tilt_all_60,wrist_cap_2_tilt_all_15,24
803,107048.5680985006,forearm_cap_1_tilt_all_10,forearm_ring_x_-0.40,upperarm_cap_1_tilt_all_-15,24
804,107041.7030294474,forearm_cap_1_tilt_all_0,upperarm_ring_tilt_all_0,upperarm_ring_tilt_all_45,24
805,107041.7030294474,forearm_cap_1_tilt_all_0,upperarm_ring_tilt_all_45,upperarm_ring_x_-0.11,24
806,107040.6627398040,forearm_cap_2_tilt_all_15,upperarm_cap_1_tilt_all_0,wrist_cap_2_tilt_all_0,24
807,107034.3322066947,forearm_cap_1_tilt_all_30,upperarm_cap_1_tilt_all_0,wrist_cap_2_tilt_all_15,24
808,107031.4115210737,forearm_cap_2_tilt_all_45,upperarm_cap_2_tilt_all_0,upperarm_ring_tilt_all_45,24
809,107026.6962624252,forearm_cap_1_tilt_all_15,upperarm_cap_1_tilt_all_-15,upperarm_ring_tilt_all_10,24
810,107026.6378102384,flange_ring_tilt_all_-10,forearm_cap_1_tilt_all_30,upperarm_cap_1_tilt_all_0,24
811,107023.6415948758,forearm_cap_1_tilt_all_10,upperarm_cap_2_tilt_all_-10,wrist_cap_1_tilt_all_-60,24
812,107019.5468382787,forearm_cap_1_tilt_all_10,upperarm_cap_2_tilt_all_-15,wrist_cap_2_tilt_all_0,24
813,107017.5136870890,forearm_cap_1_tilt_all_0,upperarm_ring_tilt_all_45,wrist_cap_1_tilt_all_-30,24
814,107016.9213001252,forearm_cap_1_tilt_all_10,upperarm_cap_2_tilt_all_-15,wrist_cap_1_tilt_all_-60,24
815,106999.7644124644,base_cap_tilt_all_-15,forearm_cap_1_tilt_all_0,upperarm_cap_2_tilt_all_-10,24
816,106998.9085426394,forearm_cap_1_tilt_all_0,upperarm_ring_tilt_all_60,wrist_cap_1_tilt_all_-10,24
817,106987.3923450551,base_cap_tilt_all_0,forearm_cap_2_tilt_all_10,upperarm_cap_2_tilt_all_-10,24
818,106986.7099534568,forearm_cap_1_tilt_all_10,forearm_ring_x_-0.25,upperarm_cap_2_tilt_all_-15,24
819,106985.7781435780,upperarm_cap_2_tilt_all_0,upperarm_ring_tilt_all_60,upperarm_ring_x_-0.31,24
820,106978.4729743661,base_cap_tilt_all_-15,forearm_cap_2_tilt_all_0,upperarm_cap_1_tilt_all_-10,24
821,106976.4866649407,forearm_cap_1_tilt_all_10,upperarm_cap_1_tilt_all_-10,upperarm_cap_2_tilt_all_0,24
822,106973.8823874305,base_cap_tilt_all_-10,forearm_cap_2_tilt_all_15,upperarm_cap_1_tilt_all_-15,24
823,106961.6643278204,forearm_cap_2_tilt_all_15,upperarm_cap_1_tilt_all_-10,wrist_cap_2_tilt_all_10,24
824,106960.6401949710,forearm_cap_2_tilt_all_10,upperarm_cap_2_tilt_all_0,upperarm_ring_tilt_all_30,24
825,106960.5567720386,forearm_cap_1_tilt_all_30,upperarm_cap_2_tilt_all_0,wrist_cap_1_tilt_all_-10,24
826,106952.3448319193,forearm_cap_1_tilt_all_45,forearm_cap_2_tilt_all_10,upperarm_cap_1_tilt_all_-15,24
827,106952.1729188499,forearm_cap_1_tilt_all_15,upperarm_cap_2_tilt_all_-15,wrist_cap_1_tilt_all_0,24
828,106950.8791450812,forearm_cap_1_tilt_all_0,upperarm_cap_1_tilt_all_-10,wrist_cap_2_tilt_all_30,24
829,106947.9085364655,forearm_cap_2_tilt_all_0,forearm_cap_2_tilt_all_60,upperarm_cap_1_tilt_all_-15,24
830,106946.3175257766,forearm_cap_1_tilt_all_0,upperarm_cap_2_tilt_all_-15,upperarm_ring_tilt_all_30,24
831,106942.3673700876,flange_ring_tilt_all_-15,forearm_cap_1_tilt_all_10,upperarm_ring_tilt_all_45,24
832,106936.7569784750,forearm_cap_2_tilt_all_0,upperarm_cap_1_tilt_all_-10,upperarm_ring_tilt_all_30,24
833,106935.6838627014,forearm_cap_1_tilt_all_15,upperarm_cap_1_tilt_all_-10,upperarm_ring_tilt_all_0,24
834,106935.6838627014,forearm_cap_1_tilt_all_15,upperarm_cap_1_tilt_all_-10,upperarm_ring_x_-0.11,24
835,106928.5533935341,forearm_cap_1_tilt_all_15,forearm_ring_x_-0.25,upperarm_cap_2_tilt_all_-15,24
836,106923.8096158424,forearm_cap_1_tilt_all_45,forearm_cap_2_tilt_all_10,upperarm_cap_1_tilt_all_0,24
837,106922.8757414734,forearm_cap_1_tilt_all_0,forearm_cap_2_tilt_all_45,upperarm_cap_2_tilt_all_-10,24
838,106917.6668761734,forearm_cap_1_tilt_all_10,forearm_ring_x_-0.50,upperarm_cap_1_tilt_all_-10,24
839,106911.2033965963,forearm_cap_1_tilt_all_15,upperarm_cap_1_tilt_all_-15,upperarm_ring_x_-0.26,24
840,106908.0927988152,forearm_cap_1_tilt_all_0,upperarm_cap_1_tilt_all_-10,wrist_cap_2_tilt_all_15,24
841,106905.0780451574,forearm_cap_1_tilt_all_10,forearm_cap_2_tilt_all_45,upperarm_cap_2_tilt_all_-10,24
842,106903.1241598029,flange_ring_tilt_all_-15,forearm_cap_2_tilt_all_15,upperarm_cap_1_tilt_all_-10,24
843,106900.4276242981,base_cap_tilt_all_-60,forearm_cap_2_tilt_all_30,upperarm_cap_2_tilt_all_0,24
844,106898.4210253363,forearm_cap_2_tilt_all_15,upperarm_ring_tilt_all_10,upperarm_ring_tilt_all_60,24
845,106897.9142273813,base_cap_tilt_all_0,forearm_cap_2_tilt_all_10,upperarm_cap_2_tilt_all_-15,24
846,106897.1000981731,forearm_cap_1_tilt_all_10,upperarm_cap_1_tilt_all_0,wrist_cap_1_tilt_all_-60,24
847,106894.6749050335,upperarm_cap_2_tilt_all_0,upperarm_ring_tilt_all_45,wrist_cap_2_tilt_all_10,24
848,106892.8727349266,forearm_cap_1_tilt_all_10,forearm_cap_2_tilt_all_45,upperarm_cap_2_tilt_all_-15,24
849,106887.2985329859,flange_ring_tilt_all_0,forearm_cap_1_tilt_all_10,upperarm_ring_tilt_all_45,24
850,106885.8255689231,forearm_cap_1_tilt_all_15,forearm_ring,upperarm_cap_1_tilt_all_-15,24
851,106885.8255689231,forearm_cap_1_tilt_all_15,forearm_ring_x_-0.10,upperarm_cap_1_tilt_all_-15,24
852,106885.1715744532,base_cap_tilt_all_-10,forearm_cap_1_tilt_all_0,upperarm_cap_2_tilt_all_-15,24
853,106879.3053341190,forearm_cap_1_tilt_all_15,forearm_ring_x_-0.30,upperarm_cap_1_tilt_all_-15,24
854,106876.4124138356,forearm_cap_1_tilt_all_15,upperarm_cap_1_tilt_all_-15,upperarm_ring_x_-0.51,24
855,106876.3133346886,forearm_cap_1_tilt_all_10,upperarm_cap_1_tilt_all_-10,upperarm_ring_tilt_all_0,24
856,106876.3133346886,forearm_cap_1_tilt_all_10,upperarm_cap_1_tilt_all_-10,upperarm_ring_x_-0.11,24
857,106866.5502123622,base_cap_tilt_all_-45,upperarm_cap_2_tilt_all_0,wrist_cap_2_tilt_all_30,24
858,106865.6383550255,base_cap_tilt_all_-60,forearm_cap_2_tilt_all_10,upperarm_cap_2_tilt_all_0,24
859,106859.7164012926,forearm_cap_2_tilt_all_30,upperarm_cap_1_tilt_all_0,wrist_cap_2_tilt_all_10,24
860,106857.2849245368,forearm_cap_1_tilt_all_0,upperarm_cap_2_tilt_all_-10,upperarm_ring_tilt_all_30,24
861,106856.2876244397,forearm_cap_1_tilt_all_10,forearm_ring,upperarm_cap_2_tilt_all_-15,24
862,106856.2876244397,forearm_cap_1_tilt_all_10,forearm_ring_x_-0.10,upperarm_cap_2_tilt_all_-15,24
863,106844.5919652334,forearm_cap_2_tilt_all_10,upperarm_ring_tilt_all_60,upperarm_ring_x_-0.26,24
864,106844.0407352295,forearm_cap_1_tilt_all_45,forearm_cap_2_tilt_all_0,upperarm_cap_2_tilt_all_-15,24
865,106838.1253067305,forearm_cap_1_tilt_all_15,forearm_ring_x_-0.45,upperarm_cap_1_tilt_all_0,24
866,106834.1387713043,upperarm_cap_2_tilt_all_0,upperarm_ring_tilt_all_45,wrist_cap_2_tilt_all_45,24
867,106822.4373055101,forearm_cap_1_tilt_all_15,upperarm_cap_1_tilt_all_0,upperarm_cap_2_tilt_all_-45,24
868,106820.5623432918,base_cap_tilt_all_-15,forearm_cap_1_tilt_all_10,upperarm_cap_2_tilt_all_0,24
869,106813.7588944672,flange_ring_tilt_all_0,forearm_cap_1_tilt_all_15,upperarm_cap_2_tilt_all_0,24
870,106812.1164401651,forearm_cap_1_tilt_all_0,upperarm_ring_tilt_all_45,upperarm_ring_x_-0.16,24
871,106811.4309080486,base_cap_tilt_all_-15,forearm_cap_2_tilt_all_0,upperarm_cap_1_tilt_all_-15,24
872,106810.0870020432,forearm_cap_2_tilt_all_10,forearm_cap_2_tilt_all_30,upperarm_cap_1_tilt_all_-15,24
873,106807.9094483268,base_cap_tilt_all_-60,forearm_cap_2_tilt_all_0,upperarm_cap_2_tilt_all_-15,24
874,106806.9910431609,forearm_cap_2_tilt_all_15,upperarm_cap_1_tilt_all_0,wrist_cap_2_tilt_all_10,24
875,106801.6117893905,forearm_cap_1_tilt_all_15,upperarm_cap_2_tilt_all_-10,upperarm_ring_x_-0.51,24
876,106800.0284273951,forearm_cap_1_tilt_all_0,upperarm_ring_tilt_all_60,wrist_cap_1_tilt_all_-15,24
877,106795.3433311719,forearm_cap_2_tilt_all_30,upperarm_cap_2_tilt_all_0,wrist_cap_1_tilt_all_-45,24
878,106794.7211284510,forearm_cap_1_tilt_all_0,upperarm_ring_tilt_all_60,wrist_cap_2_tilt_all_30,24
879,106786.8760890480,base_cap_tilt_all_-10,upperarm_cap_2_tilt_all_0,upperarm_ring_tilt_all_60,24
880,106784.5805708210,forearm_cap_2_tilt_all_15,upperarm_cap_1_tilt_all_-10,wrist_cap_2_tilt_all_15,24
881,106761.7040656523,forearm_cap_1_tilt_all_30,upperarm_cap_1_tilt_all_0,wrist_cap_1_tilt_all_-30,24
882,106760.5983396250,forearm_cap_1_tilt_all_45,forearm_cap_2_tilt_all_15,upperarm_cap_1_tilt_all_-10,24
883,106752.5295298739,forearm_cap_2_tilt_all_15,upperarm_cap_1_tilt_all_-15,upperarm_ring_tilt_all_30,24
884,106752.2852856071,base_cap_tilt_all_0,forearm_cap_2_tilt_all_15,upperarm_cap_2_tilt_all_-15,24
885,106747.0224355811,base_cap_tilt_all_-60,forearm_cap_2_tilt_all_10,upperarm_cap_1_tilt_all_-10,24
886,106737.9393367156,forearm_cap_1_tilt_all_15,forearm_ring,upperarm_cap_2_tilt_all_-15,24
887,106737.9393367156,forearm_cap_1_tilt_all_15,forearm_ring_x_-0.10,upperarm_cap_2_tilt_all_-15,24
888,106737.7507617621,forearm_cap_1_tilt_all_15,upperarm_ring_tilt_all_60,upperarm_ring_x_-0.36,24
889,106726.1348000641,upperarm_cap_2_tilt_all_0,upperarm_ring_tilt_all_0,upperarm_ring_tilt_all_45,24
890,106726.1348000641,upperarm_cap_2_tilt_all_0,upperarm_ring_tilt_all_45,upperarm_ring_x_-0.11,24
891,106722.5401978441,forearm_cap_1_tilt_all_10,upperarm_cap_2_tilt_all_-10,wrist_cap_1_tilt_all_0,24
892,106720.3773136213,forearm_cap_2_tilt_all_10,forearm_cap_2_tilt_all_60,upperarm_cap_2_tilt_all_-15,24
893,106716.6245972202,forearm_cap_2_tilt_all_15,upperarm_cap_2_tilt_all_-15,upperarm_ring_tilt_all_30,24
894,106710.4208042239,base_cap_tilt_all_-15,forearm_cap_2_tilt_all_0,upperarm_cap_2_tilt_all_-15,24
895,106709.0807398677,forearm_cap_2_tilt_all_15,upperarm_cap_2_tilt_all_-10,wrist_cap_1_tilt_all_-10,24
896,106708.7856689692,forearm_cap_1_tilt_all_30,upperarm_cap_1_tilt_all_0,wrist_cap_1_tilt_all_0,24
897,106703.9317637609,upperarm_cap_2_tilt_all_0,upperarm_ring_tilt_all_45,upperarm_ring_x_-0.16,24
898,106703.0264943184,forearm_cap_2_tilt_all_30,upperarm_cap_2_tilt_all_-15,upperarm_ring_tilt_all_45,24
899,106702.5059576887,forearm_cap_1_tilt_all_15,upperarm_cap_2_tilt_all_-10,upperarm_ring_x_-0.46,24
900,106701.8144865404,forearm_cap_1_tilt_all_0,upperarm_cap_1_tilt_all_-15,wrist_cap_2_tilt_all_15,24
901,106701.0547218732,forearm_cap_1_tilt_all_30,upperarm_cap_1_tilt_all_-10,upperarm_cap_2_tilt_all_-10,24
902,106697.4987426895,forearm_cap_1_tilt_all_0,upperarm_cap_1_tilt_all_-15,wrist_cap_2_tilt_all_30,24
903,106692.2675252198,base_cap_tilt_all_-60,forearm_cap_2_tilt_all_15,upperarm_cap_1_tilt_all_-10,24
904,106689.0960542447,forearm_cap_1_tilt_all_10,forearm_ring_x_-0.45,upperarm_cap_1_tilt_all_0,24
905,106688.1669816754,forearm_cap_1_tilt_all_10,forearm_ring_x_-0.30,upperarm_cap_2_tilt_all_-10,24
906,106685.6015449229,forearm_cap_1_tilt_all_10,upperarm_cap_1_tilt_all_-15,upperarm_cap_2_tilt_all_0,24
907,106684.6877226165,upperarm_cap_2_tilt_all_0,upperarm_ring_tilt_all_0,upperarm_ring_tilt_all_60,24
908,106684.6877226165,upperarm_cap_2_tilt_all_0,upperarm_ring_tilt_all_60,upperarm_ring_x_-0.11,24
909,106684.1083854431,base_cap_tilt_all_-30,forearm_cap_2_tilt_all_0,upperarm_ring_tilt_all_60,24
910,106683.6573866741,forearm_cap_1_tilt_all_15,forearm_cap_1_tilt_all_30,upperarm_cap_1_tilt_all_-15,24
911,106680.5025994153,forearm_cap_1_tilt_all_30,forearm_cap_2_tilt_all_15,upperarm_cap_2_tilt_all_-10,24
912,106675.0577628052,forearm_cap_2_tilt_all_15,upperarm_ring_tilt_all_60,upperarm_ring_x_-0.21,24
913,106670.3285996744,forearm_cap_1_tilt_all_10,upperarm_cap_1_tilt_all_0,upperarm_ring_x_-0.16,24
914,106670.2715073128,base_cap_tilt_all_-30,forearm_cap_1_tilt_all_0,upperarm_ring_tilt_all_45,24
915,106655.9814341523,forearm_cap_1_tilt_all_30,upperarm_cap_2_tilt_all_0,wrist_cap_1_tilt_all_0,24
916,106652.6481023426,forearm_cap_1_tilt_all_15,upperarm_cap_1_tilt_all_-30,upperarm_ring_tilt_all_60,24
917,106649.7898745457,base_cap_tilt_all_-30,upperarm_cap_2_tilt_all_0,wrist_cap_2_tilt_all_15,24
918,106648.4686953640,forearm_cap_2_tilt_all_30,upperarm_cap_1_tilt_all_0,wrist_cap_2_tilt_all_15,24
919,106648.3496101872,flange_ring_tilt_all_-30,forearm_cap_1_tilt_all_0,upperarm_ring_tilt_all_45,24
920,106648.3199719811,upperarm_cap_2_tilt_all_0,upperarm_ring_tilt_all_45,wrist_cap_1_tilt_all_-10,24
921,106640.0397930718,forearm_cap_2_tilt_all_15,upperarm_ring_tilt_all_60,upperarm_ring_x_-0.16,24
922,106638.2244881464,forearm_cap_1_tilt_all_15,upperarm_cap_1_tilt_all_-15,upperarm_ring_x_-0.21,24
923,106635.4880401999,forearm_cap_1_tilt_all_10,forearm_ring_x_-0.45,upperarm_cap_1_tilt_all_-15,24
924,106634.5399298696,forearm_cap_1_tilt_all_15,forearm_ring_x_-0.50,upperarm_cap_1_tilt_all_-10,24
925,106633.1389014306,base_cap_tilt_all_-10,forearm_cap_2_tilt_all_15,upperarm_cap_2_tilt_all_0,24
926,106631.5377787837,forearm_cap_2_tilt_all_15,upperarm_cap_2_tilt_all_-10,wrist_cap_1_tilt_all_-15,24
927,106629.2385712554,flange_ring_tilt_all_0,forearm_cap_2_tilt_all_30,upperarm_cap_2_tilt_all_0,24
928,106627.5007644986,forearm_cap_2_tilt_all_15,upperarm_cap_1_tilt_all_-10,upperarm_cap_2_tilt_all_-15,24
929,106626.3199514875,forearm_cap_1_tilt_all_30,upperarm_cap_1_tilt_all_0,wrist_cap_1_tilt_all_-10,24
930,106626.0097006662,forearm_cap_2_tilt_all_15,upperarm_cap_1_tilt_all_0,wrist_cap_2_tilt_all_15,24
931,106622.5965077350,forearm_cap_1_tilt_all_0,upperarm_cap_1_tilt_all_-10,wrist_cap_2_tilt_all_10,24
932,106610.4322014137,base_cap_tilt_all_-45,forearm_cap_2_tilt_all_0,upperarm_cap_1_tilt_all_0,24
933,106605.0385157163,base_cap_tilt_all_-45,forearm_cap_1_tilt_all_0,upperarm_cap_1_tilt_all_-30,24
934,106602.2514672834,forearm_cap_1_tilt_all_15,upperarm_cap_2_tilt_all_0,wrist_cap_1_tilt_all_0,24
935,106602.0929225375,flange_ring_tilt_all_0,forearm_cap_1_tilt_all_30,upperarm_cap_2_tilt_all_0,24
936,106602.0050900208,flange_ring_tilt_all_-15,forearm_cap_1_tilt_all_30,upperarm_cap_1_tilt_all_0,24
937,106601.7550519348,forearm_cap_1_tilt_all_10,upperarm_cap_1_tilt_all_-15,upperarm_ring_x_-0.16,24
938,106601.1803321991,base_cap_tilt_all_-10,forearm_cap_1_tilt_all_15,upperarm_cap_2_tilt_all_0,24
939,106600.5381036211,forearm_cap_1_tilt_all_15,forearm_ring_x_-0.35,upperarm_cap_1_tilt_all_-15,24
940,106599.6096643624,forearm_cap_2_tilt_all_15,upperarm_cap_2_tilt_all_-10,wrist_cap_2_tilt_all_0,24
941,106598.5885938905,forearm_cap_1_tilt_all_15,upperarm_cap_2_tilt_all_-45,upperarm_cap_2_tilt_all_0,24
942,106596.0985548556,base_cap_tilt_all_-60,forearm_cap_2_tilt_all_0,upperarm_cap_2_tilt_all_-10,24
943,106595.6464502065,forearm_cap_1_tilt_all_10,upperarm_cap_2_tilt_all_0,wrist_cap_1_tilt_all_-15,24
944,106594.6124188983,flange_ring_tilt_all_-10,forearm_cap_1_tilt_all_15,upperarm_cap_2_tilt_all_-15,24
945,106587.1204402917,base_cap_tilt_all_-10,forearm_cap_2_tilt_all_0,upperarm_cap_1_tilt_all_-10,24
946,106586.3517170025,forearm_cap_2_tilt_all_0,upperarm_ring_tilt_all_60,upperarm_ring_x_-0.36,24
947,106581.6442568535,forearm_cap_1_tilt_all_10,upperarm_cap_2_tilt_all_-10,upperarm_ring_x_-0.51,24
948,106580.9103362424,upperarm_cap_2_tilt_all_0,upperarm_ring_tilt_all_60,wrist_cap_2_tilt_all_30,24
949,106577.4219248427,flange_ring_tilt_all_-10,forearm_cap_2_tilt_all_10,upperarm_cap_1_tilt_all_0,24
950,106564.7585438138,forearm_cap_2_tilt_all_30,upperarm_cap_2_tilt_all_0,wrist_cap_1_tilt_all_-15,24
951,106561.5756019963,forearm_cap_1_tilt_all_45,forearm_cap_2_tilt_all_0,upperarm_cap_2_tilt_all_-10,24
952,106556.6860373911,forearm_cap_1_tilt_all_10,forearm_cap_1_tilt_all_30,upperarm_cap_2_tilt_all_-10,24
953,106556.1918603716,base_cap_tilt_all_-15,forearm_cap_2_tilt_all_10,upperarm_cap_2_tilt_all_0,24
954,106552.4941487906,flange_ring_tilt_all_0,forearm_cap_2_tilt_all_10,upperarm_cap_1_tilt_all_-10,24
955,106550.5726506726,forearm_cap_1_tilt_all_15,upperarm_cap_2_tilt_all_-30,upperarm_cap_2_tilt_all_0,24
956,106545.8505459844,forearm_cap_1_tilt_all_15,forearm_ring_x_-0.20,upperarm_cap_2_tilt_all_0,24
957,106544.4807271603,forearm_cap_1_tilt_all_10,forearm_cap_1_tilt_all_30,upperarm_cap_2_tilt_all_-15,24
958,106537.7549617617,forearm_cap_1_tilt_all_30,upperarm_cap_1_tilt_all_0,wrist_cap_1_tilt_all_-15,24
959,106537.5433493262,forearm_cap_1_tilt_all_10,upperarm_cap_1_tilt_all_-30,upperarm_cap_1_tilt_all_0,24
960,106530.9745103981,upperarm_cap_2_tilt_all_0,upperarm_ring_tilt_all_45,wrist_cap_1_tilt_all_0,24
961,106525.8823379471,forearm_cap_1_tilt_all_30,upperarm_cap_1_tilt_all_0,upperarm_ring_tilt_all_45,24
962,106523.2145633593,base_cap_tilt_all_0,forearm_cap_2_tilt_all_10,upperarm_cap_1_tilt_all_-15,24
963,106519.2649759207,forearm_cap_1_tilt_all_10,upperarm_cap_2_tilt_all_-15,wrist_cap_1_tilt_all_0,24
964,106517.8621251534,forearm_cap_2_tilt_all_15,upperarm_cap_1_tilt_all_-10,wrist_cap_2_tilt_all_30,24
965,106516.4541701432,upperarm_cap_2_tilt_all_0,upperarm_ring_tilt_all_45,wrist_cap_1_tilt_all_-15,24
966,106514.3921233596,forearm_cap_2_tilt_all_15,upperarm_cap_1_tilt_all_0,wrist_cap_1_tilt_all_-10,24
967,106509.0762043157,flange_ring_tilt_all_-10,forearm_cap_2_tilt_all_10,upperarm_cap_1_tilt_all_-10,24
968,106505.7038265514,base_cap_tilt_all_0,forearm_cap_2_tilt_all_15,upperarm_cap_1_tilt_all_0,24
969,106502.3571053905,flange_ring_tilt_all_0,forearm_cap_2_tilt_all_10,upperarm_cap_1_tilt_all_0,24
970,106495.7118021551,forearm_cap_2_tilt_all_10,forearm_cap_2_tilt_all_30,upperarm_cap_1_tilt_all_0,24
971,106495.6744317727,base_cap_tilt_all_-30,upperarm_cap_2_tilt_all_0,wrist_cap_2_tilt_all_10,24
972,106486.0343889182,flange_ring_tilt_all_-10,forearm_cap_2_tilt_all_15,upperarm_cap_2_tilt_all_-10,24
973,106479.3380621924,upperarm_cap_2_tilt_all_0,upperarm_ring_tilt_all_45,wrist_cap_1_tilt_all_-30,24
974,106477.0037291247,forearm_cap_2_tilt_all_15,forearm_cap_2_tilt_all_45,upperarm_cap_2_tilt_all_-10,24
975,106473.9713421190,forearm_cap_1_tilt_all_15,forearm_ring_x_-0.15,upperarm_cap_2_tilt_all_0,24
976,106470.6935280179,forearm_cap_2_tilt_all_30,upperarm_cap_2_tilt_all_0,wrist_cap_1_tilt_all_-10,24
977,106470.5705813754,forearm_cap_2_tilt_all_10,upperarm_ring_tilt_all_0,upperarm_ring_tilt_all_60,24
978,106470.5705813754,forearm_cap_2_tilt_all_10,upperarm_ring_tilt_all_60,upperarm_ring_x_-0.11,24
979,106467.4665770219,forearm_cap_2_tilt_all_15,upperarm_cap_2_tilt_all_-10,wrist_cap_2_tilt_all_10,24
980,106462.8813270645,forearm_cap_1_tilt_all_10,upperarm_cap_2_tilt_all_-10,upperarm_ring_x_-0.46,24
981,106461.1800341258,forearm_cap_2_tilt_all_0,upperarm_cap_1_tilt_all_-15,upperarm_ring_tilt_all_60,24
982,106458.3857930748,forearm_cap_1_tilt_all_45,forearm_cap_2_tilt_all_10,upperarm_cap_2_tilt_all_-10,24
983,106456.3582889704,forearm_cap_1_tilt_all_0,upperarm_ring_tilt_all_60,upperarm_ring_x_-0.51,24
984,106456.0109739263,forearm_cap_2_tilt_all_0,upperarm_cap_1_tilt_all_-15,upperarm_ring_tilt_all_30,24
985,106448.5295168384,forearm_cap_1_tilt_all_10,upperarm_cap_2_tilt_all_0,wrist_cap_1_tilt_all_-45,24
986,106445.7134993390,forearm_cap_2_tilt_all_0,upperarm_cap_1_tilt_all_-10,upperarm_ring_tilt_all_60,24
987,106445.7087748582,forearm_cap_2_tilt_all_15,upperarm_cap_1_tilt_all_0,wrist_cap_1_tilt_all_0,24
988,106445.1127323334,forearm_cap_2_tilt_all_15,upperarm_cap_2_tilt_all_-10,wrist_cap_1_tilt_all_0,24
989,106442.0564060796,forearm_cap_1_tilt_all_10,upperarm_cap_1_tilt_all_-15,wrist_cap_2_tilt_all_60,24
990,106441.9225117769,forearm_cap_1_tilt_all_15,upperarm_cap_1_tilt_all_0,wrist_cap_2_tilt_all_60,24
991,106441.5604729056,forearm_cap_1_tilt_all_0,upperarm_cap_1_tilt_all_-10,wrist_cap_1_tilt_all_-30,24
992,106436.6659292840,forearm_cap_1_tilt_all_10,forearm_ring_x_-0.30,upperarm_cap_2_tilt_all_-15,24
993,106433.2759249738,forearm_cap_1_tilt_all_0,forearm_cap_1_tilt_all_60,upperarm_cap_1_tilt_all_0,24
994,106431.4873948429,forearm_cap_1_tilt_all_0,upperarm_cap_1_tilt_all_-15,wrist_cap_2_tilt_all_10,24
995,106431.3479077995,forearm_cap_1_tilt_all_15,upperarm_cap_1_tilt_all_0,upperarm_ring_tilt_all_0,24
996,106431.3479077995,forearm_cap_1_tilt_all_15,upperarm_cap_1_tilt_all_0,upperarm_ring_x_-0.11,24
997,106429.7372094593,forearm_cap_2_tilt_all_15,upperarm_cap_1_tilt_all_-10,wrist_cap_1_tilt_all_-10,24
998,106429.4322175003,forearm_cap_1_tilt_all_10,upperarm_cap_1_tilt_all_-15,upperarm_cap_2_tilt_all_-10,24
999,106429.0010619666,base_cap_tilt_all_-10,forearm_cap_2_tilt_all_0,upperarm_cap_1_tilt_all_-15,24
1000,106425.5229355605,forearm_cap_1_tilt_all_30,forearm_cap_2_tilt_all_15,upperarm_cap_1_tilt_all_-15,24
