rank,objective_value,fixed_ring,ring_b,ring_c,ring_d,fixed_count
1,118096.9921619404,flange_ring_tilt_all_-90,forearm_cap_1_tilt_all_15,upperarm_cap_2_tilt_all_-10,upperarm_ring_tilt_all_45,32
2,118039.6940469925,flange_ring_tilt_all_-90,forearm_cap_1_tilt_all_10,upperarm_cap_2_tilt_all_-10,upperarm_ring_tilt_all_45,32
3,117789.7589139092,flange_ring_tilt_all_-90,forearm_cap_1_tilt_all_10,upperarm_cap_2_tilt_all_-15,upperarm_ring_tilt_all_45,32
4,117749.5245220060,flange_ring_tilt_all_-90,forearm_cap_1_tilt_all_15,upperarm_cap_2_tilt_all_-10,upperarm_ring_tilt_all_60,32
5,117553.1805280442,flange_ring_tilt_all_-90,forearm_cap_1_tilt_all_15,upperarm_cap_2_tilt_all_-15,upperarm_ring_tilt_all_45,32
6,117418.7658842998,flange_ring_tilt_all_-90,forearm_cap_1_tilt_all_15,upperarm_cap_2_tilt_all_0,upperarm_ring_tilt_all_45,32
7,117343.8614518744,flange_ring_tilt_all_-90,forearm_cap_1_tilt_all_15,upperarm_cap_2_tilt_all_-15,upperarm_ring_tilt_all_60,32
8,117336.4876624444,flange_ring_tilt_all_-90,forearm_cap_1_tilt_all_10,upperarm_cap_2_tilt_all_-10,upperarm_ring_tilt_all_60,32
9,117238.5092937375,flange_ring_tilt_all_-90,forearm_cap_1_tilt_all_10,upperarm_cap_2_tilt_all_-15,upperarm_ring_tilt_all_60,32
10,117071.9540675072,flange_ring_tilt_all_-90,forearm_cap_1_tilt_all_10,upperarm_cap_2_tilt_all_0,upperarm_ring_tilt_all_45,32
11,116765.1759009060,flange_ring_tilt_all_-90,forearm_cap_1_tilt_all_15,upperarm_cap_2_tilt_all_0,upperarm_ring_tilt_all_60,32
12,116736.1728081300,flange_ring_tilt_all_-90,forearm_cap_1_tilt_all_10,upperarm_cap_1_tilt_all_-10,upperarm_ring_tilt_all_45,32
13,116576.5334047188,flange_ring_tilt_all_-90,forearm_cap_1_tilt_all_0,forearm_cap_2_tilt_all_30,upperarm_cap_1_tilt_all_-10,32
14,116547.6363164872,flange_ring_tilt_all_-90,forearm_cap_2_tilt_all_15,upperarm_cap_2_tilt_all_-10,upperarm_ring_tilt_all_45,32
15,116382.9335614148,flange_ring_tilt_all_-90,forearm_cap_1_tilt_all_0,forearm_cap_1_tilt_all_45,upperarm_cap_1_tilt_all_-10,32
16,116382.0765887313,flange_ring_tilt_all_-90,forearm_cap_1_tilt_all_0,forearm_cap_2_tilt_all_30,upperarm_cap_1_tilt_all_-15,32
17,116332.3027801558,flange_ring_tilt_all_-90,forearm_cap_1_tilt_all_10,upperarm_cap_1_tilt_all_0,upperarm_ring_tilt_all_45,32
18,116327.9608026228,flange_ring_tilt_all_-90,forearm_cap_1_tilt_all_10,upperarm_cap_1_tilt_all_-15,upperarm_ring_tilt_all_45,32
19,116298.0029636280,flange_ring_tilt_all_-90,forearm_cap_2_tilt_all_10,upperarm_cap_2_tilt_all_-10,upperarm_ring_tilt_all_45,32
20,116272.8812982475,flange_ring_tilt_all_-90,forearm_cap_2_tilt_all_15,upperarm_cap_2_tilt_all_0,upperarm_ring_tilt_all_45,32
21,116200.3060482568,flange_ring_tilt_all_-90,forearm_cap_1_tilt_all_0,upperarm_cap_2_tilt_all_-15,upperarm_ring_tilt_all_45,32
22,116197.6653052556,flange_ring_tilt_all_-90,forearm_cap_1_tilt_all_0,upperarm_cap_2_tilt_all_-10,upperarm_ring_tilt_all_45,32
23,116181.3192797713,flange_ring_tilt_all_-90,forearm_cap_1_tilt_all_0,forearm_cap_1_tilt_all_45,upperarm_cap_1_tilt_all_-15,32
24,116072.7339204882,flange_ring_tilt_all_-90,forearm_cap_1_tilt_all_10,upperarm_cap_2_tilt_all_0,upperarm_ring_tilt_all_60,32
25,116058.0744860597,flange_ring_tilt_all_-90,forearm_cap_1_tilt_all_15,upperarm_cap_1_tilt_all_-10,upperarm_ring_tilt_all_45,32
26,116042.0586858209,flange_ring_tilt_all_-90,forearm_cap_1_tilt_all_0,upperarm_ring_tilt_all_10,upperarm_ring_tilt_all_60,32
27,116018.4196766914,flange_ring_tilt_all_-90,forearm_cap_1_tilt_all_0,forearm_cap_1_tilt_all_30,upperarm_cap_1_tilt_all_-10,32
28,116011.6526813014,flange_ring_tilt_all_-90,forearm_cap_2_tilt_all_15,upperarm_cap_2_tilt_all_-10,upperarm_ring_tilt_all_60,32
29,115916.8793533199,flange_ring_tilt_all_-90,forearm_cap_1_tilt_all_15,upperarm_cap_1_tilt_all_0,upperarm_ring_tilt_all_45,32
30,115816.8053950479,flange_ring_tilt_all_-90,forearm_cap_1_tilt_all_0,forearm_cap_1_tilt_all_30,upperarm_cap_1_tilt_all_-15,32
31,115808.0692594529,flange_ring_tilt_all_-90,forearm_cap_1_tilt_all_30,forearm_cap_2_tilt_all_0,upperarm_cap_1_tilt_all_-10,32
32,115707.7410195442,flange_ring_tilt_all_-90,forearm_cap_2_tilt_all_10,upperarm_cap_2_tilt_all_0,upperarm_ring_tilt_all_45,32
33,115670.8552851485,flange_ring_tilt_all_-90,forearm_cap_1_tilt_all_0,upperarm_ring_tilt_all_15,upperarm_ring_tilt_all_60,32
34,115653.0494929203,flange_ring_tilt_all_-90,forearm_cap_1_tilt_all_0,upperarm_ring_tilt_all_60,upperarm_ring_x_-0.16,32
35,115620.0035997383,flange_ring_tilt_all_-90,forearm_cap_1_tilt_all_30,upperarm_cap_2_tilt_all_0,upperarm_ring_tilt_all_45,32
36,115584.7747800221,flange_ring_tilt_all_-90,forearm_cap_1_tilt_all_0,upperarm_ring_tilt_all_60,upperarm_ring_x_-0.21,32
37,115534.2951359163,flange_ring_tilt_all_-90,forearm_cap_2_tilt_all_10,upperarm_cap_2_tilt_all_-15,upperarm_ring_tilt_all_45,32
38,115519.6064412340,flange_ring_tilt_all_-90,forearm_cap_1_tilt_all_30,forearm_cap_2_tilt_all_0,upperarm_cap_1_tilt_all_-15,32
39,115467.5455516318,flange_ring_tilt_all_-90,forearm_cap_1_tilt_all_10,forearm_cap_1_tilt_all_45,upperarm_cap_1_tilt_all_-10,32
40,115437.1950756709,flange_ring_tilt_all_-90,forearm_cap_2_tilt_all_15,upperarm_cap_2_tilt_all_-15,upperarm_ring_tilt_all_45,32
41,115432.8777783374,flange_ring_tilt_all_-90,forearm_cap_1_tilt_all_0,upperarm_cap_1_tilt_all_-10,upperarm_ring_tilt_all_45,32
42,115432.0927409472,flange_ring_tilt_all_-90,forearm_cap_1_tilt_all_10,upperarm_cap_1_tilt_all_-10,upperarm_ring_tilt_all_30,32
43,115379.3880471739,flange_ring_tilt_all_-90,forearm_cap_2_tilt_all_15,upperarm_cap_2_tilt_all_0,upperarm_ring_tilt_all_60,32
44,115378.9692565304,flange_ring_tilt_all_-90,forearm_cap_2_tilt_all_10,upperarm_cap_2_tilt_all_-10,upperarm_ring_tilt_all_60,32
45,115376.8982476799,flange_ring_tilt_all_-90,forearm_cap_1_tilt_all_10,forearm_cap_2_tilt_all_30,upperarm_cap_1_tilt_all_-10,32
46,115323.0298282260,flange_ring_tilt_all_-90,forearm_cap_1_tilt_all_15,upperarm_cap_1_tilt_all_-15,upperarm_ring_tilt_all_45,32
47,115293.9786092220,flange_ring_tilt_all_-90,forearm_cap_1_tilt_all_10,forearm_cap_2_tilt_all_15,upperarm_cap_1_tilt_all_-10,32
48,115290.5651971348,flange_ring_tilt_all_-90,forearm_cap_1_tilt_all_0,upperarm_cap_1_tilt_all_-15,upperarm_ring_tilt_all_45,32
49,115233.5345271637,flange_ring_tilt_all_-90,forearm_cap_1_tilt_all_15,upperarm_cap_1_tilt_all_-10,upperarm_ring_tilt_all_30,32
50,115214.0039325877,flange_ring_tilt_all_-90,forearm_cap_1_tilt_all_10,upperarm_ring_tilt_all_10,upperarm_ring_tilt_all_60,32
51,115207.4812781928,flange_ring_tilt_all_-90,forearm_cap_2_tilt_all_15,upperarm_cap_2_tilt_all_-15,upperarm_ring_tilt_all_60,32
52,115172.5914333913,flange_ring_tilt_all_-90,forearm_cap_2_tilt_all_30,upperarm_cap_2_tilt_all_0,upperarm_ring_tilt_all_45,32
53,115115.8512559125,flange_ring_tilt_all_-90,forearm_cap_1_tilt_all_30,upperarm_cap_2_tilt_all_0,upperarm_ring_tilt_all_60,32
54,115106.8255781174,flange_ring_tilt_all_-90,forearm_cap_2_tilt_all_0,forearm_cap_2_tilt_all_45,upperarm_cap_1_tilt_all_-10,32
55,115085.3063294986,flange_ring_tilt_all_-90,forearm_cap_1_tilt_all_15,upperarm_cap_1_tilt_all_0,upperarm_ring_tilt_all_30,32
56,115026.4124648057,flange_ring_tilt_all_-90,forearm_cap_1_tilt_all_10,forearm_cap_2_tilt_all_10,upperarm_cap_1_tilt_all_-10,32
57,115003.7516458503,flange_ring_tilt_all_-90,forearm_cap_1_tilt_all_10,upperarm_cap_1_tilt_all_0,upperarm_ring_tilt_all_30,32
58,114987.2476577580,flange_ring_tilt_all_-90,forearm_cap_1_tilt_all_0,upperarm_ring_tilt_all_60,upperarm_ring_x_-0.26,32
59,114965.8073148548,flange_ring_tilt_all_-90,forearm_cap_2_tilt_all_30,upperarm_cap_2_tilt_all_0,upperarm_ring_tilt_all_60,32
60,114955.2656563429,flange_ring_tilt_all_-90,forearm_cap_1_tilt_all_10,upperarm_cap_1_tilt_all_-15,upperarm_ring_tilt_all_60,32
61,114945.4195188789,flange_ring_tilt_all_-90,forearm_cap_1_tilt_all_0,upperarm_cap_2_tilt_all_0,upperarm_ring_tilt_all_45,32
62,114930.1915252396,flange_ring_tilt_all_-90,forearm_cap_1_tilt_all_10,upperarm_cap_1_tilt_all_-10,upperarm_ring_tilt_all_60,32
63,114882.6095901248,flange_ring_tilt_all_-90,forearm_cap_2_tilt_all_10,upperarm_cap_2_tilt_all_-15,upperarm_ring_tilt_all_60,32
64,114881.1171841396,flange_ring_tilt_all_-90,forearm_cap_1_tilt_all_10,upperarm_ring_tilt_all_60,upperarm_ring_x_-0.16,32
65,114878.7913647898,flange_ring_tilt_all_-90,base_cap_tilt_all_-30,forearm_cap_1_tilt_all_10,upperarm_cap_1_tilt_all_-10,32
66,114870.8023888487,flange_ring_tilt_all_-90,forearm_cap_1_tilt_all_0,upperarm_cap_1_tilt_all_0,upperarm_ring_tilt_all_45,32
67,114792.1650008747,flange_ring_tilt_all_-90,forearm_cap_1_tilt_all_10,forearm_cap_2_tilt_all_10,upperarm_cap_1_tilt_all_-15,32
68,114783.3280560943,flange_ring_tilt_all_-90,forearm_cap_2_tilt_all_0,forearm_cap_2_tilt_all_45,upperarm_cap_1_tilt_all_-15,32
69,114777.6647055592,flange_ring_tilt_all_-90,forearm_cap_1_tilt_all_10,upperarm_ring_tilt_all_15,upperarm_ring_tilt_all_60,32
70,114771.7327285160,flange_ring_tilt_all_-90,forearm_cap_1_tilt_all_10,upperarm_ring_tilt_all_60,upperarm_ring_x_-0.21,32
71,114762.5055718256,flange_ring_tilt_all_-90,forearm_cap_1_tilt_all_10,forearm_cap_2_tilt_all_15,upperarm_cap_1_tilt_all_-15,32
72,114739.6343470235,flange_ring_tilt_all_-90,base_cap_tilt_all_-45,forearm_cap_1_tilt_all_15,upperarm_cap_2_tilt_all_-10,32
73,114707.1985491379,flange_ring_tilt_all_-90,forearm_cap_1_tilt_all_10,upperarm_cap_1_tilt_all_-15,upperarm_ring_tilt_all_30,32
74,114658.4849187800,flange_ring_tilt_all_-90,base_cap_tilt_all_-45,forearm_cap_1_tilt_all_10,upperarm_cap_2_tilt_all_-15,32
75,114643.4683602974,flange_ring_tilt_all_-90,base_cap_tilt_all_-30,forearm_cap_1_tilt_all_10,upperarm_cap_1_tilt_all_-15,32
76,114643.3211761138,flange_ring_tilt_all_-90,forearm_cap_1_tilt_all_0,upperarm_ring_tilt_all_0,upperarm_ring_tilt_all_60,32
77,114643.3211761138,flange_ring_tilt_all_-90,forearm_cap_1_tilt_all_0,upperarm_ring_tilt_all_60,upperarm_ring_x_-0.11,32
78,114628.4820573750,flange_ring_tilt_all_-90,forearm_cap_1_tilt_all_15,upperarm_cap_1_tilt_all_-10,upperarm_ring_tilt_all_60,32
79,114628.4343423516,flange_ring_tilt_all_-90,forearm_cap_1_tilt_all_10,forearm_cap_1_tilt_all_45,upperarm_cap_1_tilt_all_-15,32
80,114625.7614222858,flange_ring_tilt_all_-90,base_cap_tilt_all_-45,forearm_cap_1_tilt_all_10,upperarm_cap_1_tilt_all_-10,32
81,114596.3948347709,flange_ring_tilt_all_-90,base_cap_tilt_all_-45,forearm_cap_1_tilt_all_10,upperarm_cap_2_tilt_all_-10,32
82,114566.0381673403,flange_ring_tilt_all_-90,forearm_cap_1_tilt_all_15,forearm_cap_2_tilt_all_10,upperarm_cap_1_tilt_all_-10,32
83,114547.7032304544,flange_ring_tilt_all_-90,forearm_cap_1_tilt_all_0,forearm_cap_2_tilt_all_45,upperarm_cap_1_tilt_all_-10,32
84,114544.9445040557,flange_ring_tilt_all_-90,forearm_cap_1_tilt_all_10,forearm_cap_2_tilt_all_30,upperarm_cap_1_tilt_all_-15,32
85,114539.4936040105,flange_ring_tilt_all_-90,forearm_cap_1_tilt_all_0,upperarm_cap_2_tilt_all_-15,upperarm_ring_tilt_all_60,32
86,114513.2359393715,flange_ring_tilt_all_-90,forearm_cap_1_tilt_all_15,forearm_cap_2_tilt_all_0,upperarm_cap_1_tilt_all_-10,32
87,114504.5133337759,flange_ring_tilt_all_-90,forearm_cap_1_tilt_all_10,forearm_cap_1_tilt_all_60,upperarm_cap_1_tilt_all_-10,32
88,114493.1835515247,flange_ring_tilt_all_-90,base_cap_tilt_all_-45,forearm_cap_1_tilt_all_15,upperarm_cap_2_tilt_all_-15,32
89,114476.0383708552,flange_ring_tilt_all_-90,forearm_cap_2_tilt_all_10,upperarm_cap_2_tilt_all_0,upperarm_ring_tilt_all_60,32
90,114475.4666257580,flange_ring_tilt_all_-90,base_cap_tilt_all_-45,forearm_cap_1_tilt_all_10,upperarm_cap_1_tilt_all_-15,32
91,114467.3876628144,flange_ring_tilt_all_-90,forearm_cap_1_tilt_all_15,forearm_cap_2_tilt_all_0,upperarm_cap_1_tilt_all_-15,32
92,114458.1247729184,flange_ring_tilt_all_-90,forearm_cap_1_tilt_all_15,forearm_cap_2_tilt_all_15,upperarm_cap_1_tilt_all_-10,32
93,114434.3404865998,flange_ring_tilt_all_-90,base_cap_tilt_all_-30,forearm_cap_1_tilt_all_15,upperarm_cap_2_tilt_all_-10,32
94,114405.4711161123,flange_ring_tilt_all_-90,base_cap_tilt_all_-30,forearm_cap_1_tilt_all_10,upperarm_cap_2_tilt_all_-10,32
95,114400.8878473863,flange_ring_tilt_all_-90,forearm_cap_1_tilt_all_0,forearm_cap_2_tilt_all_15,upperarm_cap_1_tilt_all_-10,32
96,114375.6001274750,flange_ring_tilt_all_-90,forearm_cap_1_tilt_all_0,upperarm_cap_2_tilt_all_-10,upperarm_ring_tilt_all_60,32
97,114373.8001020135,flange_ring_tilt_all_-90,forearm_cap_2_tilt_all_0,upperarm_cap_2_tilt_all_-10,upperarm_ring_tilt_all_45,32
98,114370.2917566453,flange_ring_tilt_all_-90,base_cap_tilt_all_-30,forearm_cap_1_tilt_all_10,upperarm_cap_2_tilt_all_-15,32
99,114346.0889488109,flange_ring_tilt_all_-90,forearm_cap_1_tilt_all_0,forearm_cap_2_tilt_all_45,upperarm_cap_1_tilt_all_-15,32
100,114342.2464654342,flange_ring_tilt_all_-90,forearm_cap_1_tilt_all_15,upperarm_cap_1_tilt_all_-15,upperarm_ring_tilt_all_60,32
101,114334.0616040803,flange_ring_tilt_all_-90,forearm_cap_1_tilt_all_0,forearm_cap_2_tilt_all_30,upperarm_cap_1_tilt_all_0,32
102,114331.3648672648,flange_ring_tilt_all_-90,forearm_cap_1_tilt_all_0,forearm_cap_2_tilt_all_15,upperarm_cap_1_tilt_all_-15,32
103,114323.6397768861,flange_ring_tilt_all_-90,forearm_cap_1_tilt_all_0,forearm_cap_1_tilt_all_45,upperarm_cap_1_tilt_all_0,32
104,114309.6193340423,flange_ring_tilt_all_-90,forearm_cap_1_tilt_all_10,forearm_cap_2_tilt_all_45,upperarm_cap_1_tilt_all_-10,32
105,114301.5841873659,flange_ring_tilt_all_-90,base_cap_tilt_all_-30,forearm_cap_1_tilt_all_15,upperarm_cap_1_tilt_all_-10,32
106,114192.8712439181,flange_ring_tilt_all_-90,forearm_cap_1_tilt_all_10,upperarm_ring_tilt_all_60,upperarm_ring_x_-0.26,32
107,114122.8151093828,flange_ring_tilt_all_-90,base_cap_tilt_all_-30,forearm_cap_2_tilt_all_15,upperarm_cap_2_tilt_all_-10,32
108,114121.0047396089,flange_ring_tilt_all_-90,forearm_cap_1_tilt_all_10,upperarm_ring_tilt_all_0,upperarm_ring_tilt_all_60,32
109,114121.0047396089,flange_ring_tilt_all_-90,forearm_cap_1_tilt_all_10,upperarm_ring_tilt_all_60,upperarm_ring_x_-0.11,32
110,114120.9686993566,flange_ring_tilt_all_-90,base_cap_tilt_all_-45,forearm_cap_1_tilt_all_15,upperarm_cap_1_tilt_all_-10,32
111,114102.6156710571,flange_ring_tilt_all_-90,forearm_cap_1_tilt_all_0,upperarm_ring_tilt_all_60,upperarm_ring_x_-0.31,32
112,114098.9417748756,flange_ring_tilt_all_-90,forearm_cap_2_tilt_all_0,forearm_cap_2_tilt_all_30,upperarm_cap_1_tilt_all_-10,32
113,114078.0392530993,flange_ring_tilt_all_-90,forearm_cap_1_tilt_all_15,upperarm_cap_1_tilt_all_-15,upperarm_ring_tilt_all_30,32
114,114076.4427788312,flange_ring_tilt_all_-90,base_cap_tilt_all_-30,forearm_cap_1_tilt_all_15,upperarm_cap_2_tilt_all_-15,32
115,114059.4343960870,flange_ring_tilt_all_-90,forearm_cap_2_tilt_all_0,upperarm_cap_2_tilt_all_-15,upperarm_ring_tilt_all_45,32
116,114045.0328261826,flange_ring_tilt_all_-90,forearm_cap_1_tilt_all_15,upperarm_cap_1_tilt_all_0,upperarm_ring_tilt_all_60,32
117,114033.6601790067,flange_ring_tilt_all_-90,forearm_cap_1_tilt_all_15,forearm_cap_2_tilt_all_10,upperarm_cap_1_tilt_all_-15,32
118,114030.5636083373,flange_ring_tilt_all_-90,base_cap_tilt_all_-30,forearm_cap_2_tilt_all_10,upperarm_cap_2_tilt_all_-10,32
119,114021.5830750142,flange_ring_tilt_all_-90,forearm_cap_1_tilt_all_0,upperarm_cap_2_tilt_all_-30,upperarm_ring_tilt_all_45,32
120,114015.8859600248,flange_ring_tilt_all_-90,forearm_cap_1_tilt_all_10,upperarm_cap_1_tilt_all_0,upperarm_ring_tilt_all_60,32
121,113991.2651010216,flange_ring_tilt_all_-90,forearm_cap_1_tilt_all_10,forearm_cap_1_tilt_all_45,upperarm_cap_1_tilt_all_0,32
122,113968.0723271936,flange_ring_tilt_all_-90,forearm_cap_1_tilt_all_10,forearm_cap_2_tilt_all_0,upperarm_cap_1_tilt_all_-15,32
123,113950.0900472784,flange_ring_tilt_all_-90,forearm_cap_1_tilt_all_10,forearm_cap_1_tilt_all_30,upperarm_cap_1_tilt_all_-10,32
124,113949.6332941895,flange_ring_tilt_all_-90,base_cap_tilt_all_-15,forearm_cap_1_tilt_all_10,upperarm_cap_1_tilt_all_-10,32
125,113923.5744088503,flange_ring_tilt_all_-90,forearm_cap_1_tilt_all_30,forearm_cap_2_tilt_all_10,upperarm_cap_1_tilt_all_-10,32
126,113897.7336676471,flange_ring_tilt_all_-90,base_cap_tilt_all_-30,forearm_cap_1_tilt_all_10,upperarm_cap_1_tilt_all_0,32
127,113869.8678003773,flange_ring_tilt_all_-90,forearm_cap_1_tilt_all_10,forearm_cap_2_tilt_all_30,upperarm_cap_1_tilt_all_0,32
128,113836.3672752660,flange_ring_tilt_all_-90,forearm_cap_2_tilt_all_10,forearm_cap_2_tilt_all_45,upperarm_cap_1_tilt_all_-10,32
129,113820.5358663816,flange_ring_tilt_all_-90,forearm_cap_1_tilt_all_10,upperarm_cap_2_tilt_all_-30,upperarm_ring_tilt_all_60,32
130,113819.9998252139,flange_ring_tilt_all_-90,forearm_cap_1_tilt_all_10,forearm_cap_2_tilt_all_0,upperarm_cap_1_tilt_all_-10,32
131,113817.3361363807,flange_ring_tilt_all_-90,forearm_cap_1_tilt_all_0,forearm_cap_1_tilt_all_30,upperarm_cap_1_tilt_all_0,32
132,113794.7985624330,flange_ring_tilt_all_-90,forearm_cap_1_tilt_all_30,forearm_cap_2_tilt_all_0,upperarm_cap_2_tilt_all_-15,32
133,113794.1771975167,flange_ring_tilt_all_-90,base_cap_tilt_all_-30,forearm_cap_1_tilt_all_15,upperarm_cap_1_tilt_all_-15,32
134,113792.2563400999,flange_ring_tilt_all_-90,forearm_cap_2_tilt_all_0,forearm_cap_2_tilt_all_30,upperarm_cap_1_tilt_all_-15,32
135,113762.1517582136,flange_ring_tilt_all_-90,base_cap_tilt_all_-30,forearm_cap_1_tilt_all_0,upperarm_cap_1_tilt_all_-15,32
136,113757.6303489199,flange_ring_tilt_all_-90,forearm_cap_1_tilt_all_30,forearm_cap_2_tilt_all_0,upperarm_cap_1_tilt_all_0,32
137,113757.0257925927,flange_ring_tilt_all_-90,forearm_cap_2_tilt_all_0,upperarm_cap_2_tilt_all_0,upperarm_ring_tilt_all_45,32
138,113740.2438335425,flange_ring_tilt_all_-90,base_cap_tilt_all_-45,forearm_cap_2_tilt_all_15,upperarm_cap_2_tilt_all_-10,32
139,113732.7762681650,flange_ring_tilt_all_-90,forearm_cap_1_tilt_all_15,upperarm_cap_1_tilt_all_-10,wrist_cap_1_tilt_all_-30,32
140,113727.9064492505,flange_ring_tilt_all_-90,base_cap_tilt_all_-30,forearm_cap_1_tilt_all_0,upperarm_cap_1_tilt_all_-10,32
141,113724.7992741676,flange_ring_tilt_all_-90,base_cap_tilt_all_-30,forearm_cap_2_tilt_all_10,upperarm_cap_2_tilt_all_-15,32
142,113723.3800243609,flange_ring_tilt_all_-90,base_cap_tilt_all_-45,forearm_cap_1_tilt_all_15,upperarm_cap_2_tilt_all_0,32
143,113715.3038738122,flange_ring_tilt_all_-90,forearm_cap_1_tilt_all_15,upperarm_ring_tilt_all_10,upperarm_ring_tilt_all_60,32
144,113687.4423282083,flange_ring_tilt_all_-90,base_cap_tilt_all_-45,forearm_cap_1_tilt_all_15,upperarm_cap_1_tilt_all_-15,32
145,113665.4021244957,flange_ring_tilt_all_-90,forearm_cap_1_tilt_all_10,forearm_cap_1_tilt_all_60,upperarm_cap_1_tilt_all_-15,32
146,113647.3585365044,flange_ring_tilt_all_-90,forearm_cap_1_tilt_all_10,upperarm_cap_2_tilt_all_-30,upperarm_ring_tilt_all_45,32
147,113633.2246670290,flange_ring_tilt_all_-90,base_cap_tilt_all_-10,forearm_cap_1_tilt_all_10,upperarm_cap_1_tilt_all_-10,32
148,113617.7726539573,flange_ring_tilt_all_-90,forearm_cap_1_tilt_all_30,upperarm_cap_1_tilt_all_0,upperarm_cap_2_tilt_all_0,32
149,113602.5150046609,flange_ring_tilt_all_-90,forearm_cap_1_tilt_all_30,upperarm_cap_2_tilt_all_-10,upperarm_ring_tilt_all_60,32
150,113590.6454296482,flange_ring_tilt_all_-90,forearm_cap_1_tilt_all_30,upperarm_cap_2_tilt_all_-10,upperarm_ring_tilt_all_45,32
151,113588.1047098226,flange_ring_tilt_all_-90,base_cap_tilt_all_-30,forearm_cap_1_tilt_all_15,upperarm_cap_1_tilt_all_0,32
152,113557.4673921801,flange_ring_tilt_all_-90,base_cap_tilt_all_-30,forearm_cap_1_tilt_all_0,upperarm_ring_tilt_all_60,32
153,113550.5620877904,flange_ring_tilt_all_-90,forearm_cap_1_tilt_all_15,forearm_cap_2_tilt_all_30,upperarm_cap_1_tilt_all_-10,32
154,113549.4357114686,flange_ring_tilt_all_-90,base_cap_tilt_all_-45,forearm_cap_2_tilt_all_10,upperarm_cap_2_tilt_all_-10,32
155,113546.1031110483,flange_ring_tilt_all_-90,forearm_cap_1_tilt_all_0,forearm_cap_2_tilt_all_10,upperarm_cap_1_tilt_all_-15,32
156,113521.0890608169,flange_ring_tilt_all_-90,forearm_cap_1_tilt_all_15,forearm_cap_2_tilt_all_15,upperarm_cap_1_tilt_all_-15,32
157,113496.7140516056,flange_ring_tilt_all_-90,base_cap_tilt_all_-15,forearm_cap_1_tilt_all_10,upperarm_cap_1_tilt_all_-15,32
158,113488.1853980960,flange_ring_tilt_all_-90,forearm_cap_1_tilt_all_15,forearm_cap_1_tilt_all_45,upperarm_cap_1_tilt_all_-10,32
159,113487.5238830197,flange_ring_tilt_all_-90,forearm_cap_2_tilt_all_30,upperarm_cap_2_tilt_all_-10,upperarm_ring_tilt_all_60,32
160,113477.4423107059,flange_ring_tilt_all_-90,forearm_cap_1_tilt_all_15,upperarm_cap_1_tilt_all_-10,wrist_cap_2_tilt_all_15,32
161,113470.5081247621,flange_ring_tilt_all_-90,forearm_cap_1_tilt_all_10,forearm_cap_2_tilt_all_45,upperarm_cap_1_tilt_all_-15,32
162,113463.2910244511,flange_ring_tilt_all_-90,forearm_cap_1_tilt_all_30,forearm_cap_2_tilt_all_0,upperarm_cap_2_tilt_all_-10,32
163,113455.7269146988,flange_ring_tilt_all_-90,base_cap_tilt_all_-15,forearm_cap_1_tilt_all_15,upperarm_cap_1_tilt_all_-10,32
164,113450.7529349403,flange_ring_tilt_all_-90,base_cap_tilt_all_-30,forearm_cap_2_tilt_all_15,upperarm_cap_2_tilt_all_-15,32
165,113443.8168889998,flange_ring_tilt_all_-90,forearm_cap_1_tilt_all_15,upperarm_ring_tilt_all_60,upperarm_ring_x_-0.16,32
166,113437.3837716486,flange_ring_tilt_all_-90,forearm_cap_1_tilt_all_0,forearm_cap_2_tilt_all_10,upperarm_cap_1_tilt_all_-10,32
167,113431.3293494375,flange_ring_tilt_all_-90,forearm_cap_1_tilt_all_15,upperarm_cap_1_tilt_all_-10,wrist_cap_2_tilt_all_10,32
168,113418.3480345609,flange_ring_tilt_all_-90,forearm_cap_1_tilt_all_10,upperarm_cap_1_tilt_all_-10,wrist_cap_1_tilt_all_-30,32
169,113407.7436068818,flange_ring_tilt_all_-90,base_cap_tilt_all_-30,forearm_cap_1_tilt_all_15,upperarm_cap_2_tilt_all_0,32
170,113396.4667982577,flange_ring_tilt_all_-90,base_cap_tilt_all_-45,forearm_cap_1_tilt_all_0,upperarm_cap_1_tilt_all_-15,32
171,113370.2156488217,flange_ring_tilt_all_-90,base_cap_tilt_all_-45,forearm_cap_1_tilt_all_10,upperarm_cap_1_tilt_all_0,32
172,113367.3101290979,flange_ring_tilt_all_-90,forearm_cap_1_tilt_all_15,upperarm_cap_1_tilt_all_-10,wrist_cap_2_tilt_all_30,32
173,113364.5101674237,flange_ring_tilt_all_-90,forearm_cap_1_tilt_all_15,upperarm_cap_2_tilt_all_-10,wrist_cap_1_tilt_all_-30,32
174,113362.3620493937,flange_ring_tilt_all_-90,forearm_cap_1_tilt_all_15,upperarm_ring_tilt_all_60,upperarm_ring_x_-0.21,32
175,113358.1617529581,flange_ring_tilt_all_-90,forearm_cap_2_tilt_all_10,upperarm_cap_1_tilt_all_-10,upperarm_ring_tilt_all_45,32
176,113327.7953995544,flange_ring_tilt_all_-90,forearm_cap_1_tilt_all_10,upperarm_ring_tilt_all_60,upperarm_ring_x_-0.31,32
177,113325.4710827035,flange_ring_tilt_all_-90,forearm_cap_1_tilt_all_15,upperarm_cap_1_tilt_all_0,wrist_cap_1_tilt_all_-30,32
178,113274.6248188555,flange_ring_tilt_all_-90,forearm_cap_1_tilt_all_15,forearm_cap_1_tilt_all_60,upperarm_cap_1_tilt_all_-10,32
179,113274.4838414001,flange_ring_tilt_all_-90,base_cap_tilt_all_-45,forearm_cap_2_tilt_all_10,upperarm_cap_2_tilt_all_-15,32
180,113267.9619229492,flange_ring_tilt_all_-90,forearm_cap_2_tilt_all_0,forearm_cap_2_tilt_all_45,upperarm_cap_1_tilt_all_0,32
181,113257.7510079626,flange_ring_tilt_all_-90,base_cap_tilt_all_-45,forearm_cap_1_tilt_all_0,upperarm_cap_1_tilt_all_-10,32
182,113255.5165666262,flange_ring_tilt_all_-90,forearm_cap_2_tilt_all_15,upperarm_cap_1_tilt_all_0,upperarm_ring_tilt_all_45,32
183,113253.0763900832,flange_ring_tilt_all_-90,forearm_cap_1_tilt_all_10,upperarm_cap_1_tilt_all_-10,wrist_cap_2_tilt_all_15,32
184,113243.3692324175,flange_ring_tilt_all_-90,forearm_cap_1_tilt_all_10,upperarm_cap_1_tilt_all_-10,wrist_cap_2_tilt_all_30,32
185,113237.6745267372,flange_ring_tilt_all_-90,forearm_cap_1_tilt_all_15,upperarm_ring_tilt_all_15,upperarm_ring_tilt_all_60,32
186,113231.4303101998,flange_ring_tilt_all_-90,forearm_cap_1_tilt_all_10,forearm_cap_2_tilt_all_15,upperarm_cap_1_tilt_all_0,32
187,113229.7118720872,flange_ring_tilt_all_-90,base_cap_tilt_all_-45,forearm_cap_1_tilt_all_10,upperarm_cap_2_tilt_all_0,32
188,113221.6938146932,flange_ring_tilt_all_-90,forearm_cap_1_tilt_all_0,upperarm_ring_tilt_all_30,upperarm_ring_tilt_all_60,32
189,113219.3672727540,flange_ring_tilt_all_-90,base_cap_tilt_all_-30,forearm_cap_2_tilt_all_15,upperarm_cap_2_tilt_all_0,32
190,113192.2603542215,flange_ring_tilt_all_-90,forearm_cap_2_tilt_all_30,upperarm_cap_2_tilt_all_-10,upperarm_ring_tilt_all_45,32
191,113162.0900515217,flange_ring_tilt_all_-90,forearm_cap_2_tilt_all_15,upperarm_cap_1_tilt_all_-10,upperarm_ring_tilt_all_45,32
192,113162.0262254133,flange_ring_tilt_all_-90,base_cap_tilt_all_-10,forearm_cap_1_tilt_all_15,upperarm_cap_1_tilt_all_-10,32
193,113161.8872474264,flange_ring_tilt_all_-90,forearm_cap_1_tilt_all_15,upperarm_cap_1_tilt_all_-10,wrist_cap_2_tilt_all_0,32
194,113158.3190570527,flange_ring_tilt_all_-90,forearm_cap_2_tilt_all_10,upperarm_cap_1_tilt_all_0,upperarm_ring_tilt_all_45,32
195,113157.3472836435,flange_ring_tilt_all_-90,base_cap_tilt_all_-60,forearm_cap_1_tilt_all_15,upperarm_cap_2_tilt_all_-10,32
196,113153.4625767630,flange_ring_tilt_all_-90,base_cap_tilt_all_-10,forearm_cap_1_tilt_all_10,upperarm_cap_1_tilt_all_-15,32
197,113138.3840192424,flange_ring_tilt_all_-90,base_cap_tilt_all_-45,forearm_cap_1_tilt_all_15,upperarm_cap_1_tilt_all_0,32
198,113135.9340420747,flange_ring_tilt_all_-90,forearm_cap_1_tilt_all_0,upperarm_ring_tilt_all_60,upperarm_ring_x_-0.36,32
199,113130.1546691491,flange_ring_tilt_all_-90,forearm_cap_1_tilt_all_15,upperarm_cap_1_tilt_all_-10,wrist_cap_1_tilt_all_-15,32
200,113116.6202037988,flange_ring_tilt_all_-90,base_cap_tilt_all_-15,forearm_cap_1_tilt_all_10,upperarm_cap_1_tilt_all_0,32
201,113110.9788379982,flange_ring_tilt_all_-90,forearm_cap_1_tilt_all_10,forearm_cap_1_tilt_all_30,upperarm_cap_1_tilt_all_-15,32
202,113097.4445919251,flange_ring_tilt_all_-90,forearm_cap_1_tilt_all_10,upperarm_cap_1_tilt_all_-10,wrist_cap_2_tilt_all_10,32
203,113095.9648477377,flange_ring_tilt_all_-90,base_cap_tilt_all_-30,forearm_cap_1_tilt_all_0,upperarm_cap_2_tilt_all_-15,32
204,113088.5018381237,flange_ring_tilt_all_-90,base_cap_tilt_all_-45,forearm_cap_2_tilt_all_15,upperarm_cap_2_tilt_all_-15,32
205,113075.0768784353,flange_ring_tilt_all_-90,base_cap_tilt_all_-60,forearm_cap_1_tilt_all_10,upperarm_cap_1_tilt_all_-10,32
206,113071.6597984728,flange_ring_tilt_all_-90,base_cap_tilt_all_-45,forearm_cap_1_tilt_all_0,upperarm_cap_2_tilt_all_-15,32
207,113065.2152576270,flange_ring_tilt_all_-90,forearm_cap_2_tilt_all_0,forearm_cap_2_tilt_all_45,upperarm_cap_2_tilt_all_-15,32
208,113050.8838964737,flange_ring_tilt_all_-90,forearm_cap_1_tilt_all_0,upperarm_cap_2_tilt_all_-30,upperarm_ring_tilt_all_60,32
209,113044.1627628378,flange_ring_tilt_all_-90,base_cap_tilt_all_-15,forearm_cap_1_tilt_all_0,upperarm_ring_tilt_all_60,32
210,113044.0487614248,flange_ring_tilt_all_-90,base_cap_tilt_all_-45,forearm_cap_1_tilt_all_30,upperarm_cap_2_tilt_all_0,32
211,113028.9956131925,flange_ring_tilt_all_-90,forearm_cap_1_tilt_all_10,forearm_cap_1_tilt_all_60,upperarm_cap_1_tilt_all_0,32
212,112995.6359294842,flange_ring_tilt_all_-90,base_cap_tilt_all_-30,forearm_cap_1_tilt_all_10,upperarm_cap_2_tilt_all_0,32
213,112976.4758645877,flange_ring_tilt_all_-90,base_cap_tilt_all_-60,forearm_cap_1_tilt_all_10,upperarm_cap_2_tilt_all_-15,32
214,112942.7649384625,flange_ring_tilt_all_-90,base_cap_tilt_all_-15,forearm_cap_1_tilt_all_15,upperarm_cap_1_tilt_all_0,32
215,112934.7682516578,flange_ring_tilt_all_-90,base_cap_tilt_all_-60,forearm_cap_1_tilt_all_10,upperarm_cap_1_tilt_all_-15,32
216,112924.9736125026,flange_ring_tilt_all_-90,forearm_cap_1_tilt_all_15,upperarm_cap_1_tilt_all_-10,wrist_cap_1_tilt_all_-10,32
217,112919.4048006197,flange_ring_tilt_all_-90,base_cap_tilt_all_-60,forearm_cap_1_tilt_all_15,upperarm_cap_2_tilt_all_-15,32
218,112918.5913337548,flange_ring_tilt_all_-90,forearm_cap_1_tilt_all_0,forearm_cap_2_tilt_all_30,upperarm_cap_2_tilt_all_-15,32
219,112908.6394764445,flange_ring_tilt_all_-90,base_cap_tilt_all_-45,forearm_cap_2_tilt_all_15,upperarm_cap_2_tilt_all_0,32
220,112902.5971909691,flange_ring_tilt_all_-90,forearm_cap_1_tilt_all_10,upperarm_cap_1_tilt_all_-15,wrist_cap_1_tilt_all_-30,32
221,112900.7619416597,flange_ring_tilt_all_-90,forearm_cap_1_tilt_all_0,upperarm_cap_1_tilt_all_-15,upperarm_ring_tilt_all_60,32
222,112877.3725811268,flange_ring_tilt_all_-90,forearm_cap_1_tilt_all_0,upperarm_cap_1_tilt_all_-10,upperarm_ring_tilt_all_30,32
223,112867.7522461599,flange_ring_tilt_all_-90,forearm_cap_1_tilt_all_15,upperarm_cap_1_tilt_all_-15,wrist_cap_1_tilt_all_-30,32
224,112866.7355211973,flange_ring_tilt_all_-90,forearm_cap_1_tilt_all_0,upperarm_cap_2_tilt_all_0,upperarm_ring_tilt_all_60,32
225,112866.1648434924,flange_ring_tilt_all_-90,flange_ring_tilt_all_0,forearm_cap_1_tilt_all_15,upperarm_cap_1_tilt_all_-10,32
226,112864.2337472458,flange_ring_tilt_all_-90,base_cap_tilt_all_-60,forearm_cap_1_tilt_all_10,upperarm_cap_2_tilt_all_-10,32
227,112852.5488787154,flange_ring_tilt_all_-90,forearm_cap_1_tilt_all_30,upperarm_cap_1_tilt_all_-10,upperarm_cap_2_tilt_all_0,32
228,112851.9627227660,flange_ring_tilt_all_-90,forearm_cap_1_tilt_all_10,upperarm_cap_1_tilt_all_-10,wrist_cap_1_tilt_all_-15,32
229,112848.6996314103,flange_ring_tilt_all_-90,forearm_cap_1_tilt_all_15,upperarm_cap_1_tilt_all_-10,wrist_cap_1_tilt_all_-45,32
230,112843.8245429726,flange_ring_tilt_all_-90,forearm_cap_2_tilt_all_0,upperarm_ring_tilt_all_10,upperarm_ring_tilt_all_60,32
231,112838.8651668958,flange_ring_tilt_all_-90,forearm_cap_2_tilt_all_10,forearm_cap_2_tilt_all_60,upperarm_cap_1_tilt_all_-10,32
232,112832.5914946656,flange_ring_tilt_all_-90,forearm_cap_1_tilt_all_10,forearm_cap_2_tilt_all_45,upperarm_cap_1_tilt_all_0,32
233,112825.2230869322,flange_ring_tilt_all_-90,forearm_cap_1_tilt_all_15,upperarm_cap_2_tilt_all_-10,wrist_cap_1_tilt_all_-45,32
234,112822.3617175194,flange_ring_tilt_all_-90,forearm_cap_1_tilt_all_15,upperarm_cap_1_tilt_all_0,wrist_cap_2_tilt_all_15,32
235,112812.1183832361,flange_ring_tilt_all_-90,base_cap_tilt_all_-30,forearm_cap_2_tilt_all_10,upperarm_cap_1_tilt_all_-10,32
236,112811.8435840252,flange_ring_tilt_all_-90,forearm_cap_1_tilt_all_30,forearm_cap_2_tilt_all_10,upperarm_cap_1_tilt_all_-15,32
237,112807.8234274483,flange_ring_tilt_all_-90,base_cap_tilt_all_-60,forearm_cap_1_tilt_all_15,upperarm_cap_1_tilt_all_-10,32
238,112806.6990821362,flange_ring_tilt_all_-90,forearm_cap_1_tilt_all_15,forearm_cap_2_tilt_all_45,upperarm_cap_1_tilt_all_-10,32
239,112787.3425695695,flange_ring_tilt_all_-90,forearm_cap_1_tilt_all_15,upperarm_cap_1_tilt_all_0,wrist_cap_2_tilt_all_10,32
240,112786.4597466862,flange_ring_tilt_all_-90,forearm_cap_1_tilt_all_15,upperarm_cap_2_tilt_all_-15,wrist_cap_1_tilt_all_-30,32
241,112769.2966679809,flange_ring_tilt_all_-90,base_cap_tilt_all_-30,forearm_cap_1_tilt_all_0,upperarm_cap_2_tilt_all_-10,32
242,112758.3128176801,flange_ring_tilt_all_-90,forearm_cap_1_tilt_all_15,upperarm_ring_tilt_all_60,upperarm_ring_x_-0.26,32
243,112757.6505824955,flange_ring_tilt_all_-90,forearm_cap_2_tilt_all_0,forearm_cap_2_tilt_all_45,upperarm_cap_2_tilt_all_-10,32
244,112757.5214864095,flange_ring_tilt_all_-90,base_cap_tilt_all_-30,forearm_cap_2_tilt_all_10,upperarm_cap_2_tilt_all_0,32
245,112750.3431186846,flange_ring_tilt_all_-90,forearm_cap_1_tilt_all_15,forearm_cap_2_tilt_all_15,upperarm_cap_1_tilt_all_0,32
246,112746.9062292889,flange_ring_tilt_all_-90,base_cap_tilt_all_-10,forearm_cap_1_tilt_all_10,upperarm_cap_1_tilt_all_0,32
247,112746.2971781421,flange_ring_tilt_all_-90,base_cap_tilt_all_0,forearm_cap_1_tilt_all_10,upperarm_cap_1_tilt_all_-10,32
248,112743.3816923396,flange_ring_tilt_all_-90,forearm_cap_1_tilt_all_15,upperarm_cap_1_tilt_all_0,wrist_cap_2_tilt_all_30,32
249,112737.6075203550,flange_ring_tilt_all_-90,forearm_cap_1_tilt_all_10,upperarm_cap_1_tilt_all_-30,upperarm_ring_tilt_all_60,32
250,112736.3381861397,flange_ring_tilt_all_-90,forearm_cap_2_tilt_all_30,upperarm_cap_1_tilt_all_0,upperarm_cap_2_tilt_all_0,32
251,112732.1769067074,flange_ring_tilt_all_-90,forearm_cap_1_tilt_all_15,upperarm_cap_2_tilt_all_-10,upperarm_ring_tilt_all_30,32
252,112724.2601280315,flange_ring_tilt_all_-90,forearm_cap_2_tilt_all_10,forearm_cap_2_tilt_all_45,upperarm_cap_1_tilt_all_-15,32
253,112721.9614096902,flange_ring_tilt_all_-90,forearm_cap_1_tilt_all_15,upperarm_cap_1_tilt_all_0,upperarm_cap_2_tilt_all_-15,32
254,112716.9199892351,flange_ring_tilt_all_-90,forearm_cap_1_tilt_all_0,forearm_cap_1_tilt_all_45,upperarm_cap_2_tilt_all_-15,32
255,112716.5170362401,flange_ring_tilt_all_-90,forearm_cap_2_tilt_all_0,upperarm_cap_2_tilt_all_-10,upperarm_ring_tilt_all_60,32
256,112712.3951578783,flange_ring_tilt_all_-90,base_cap_tilt_all_-15,forearm_cap_1_tilt_all_15,upperarm_cap_1_tilt_all_-15,32
257,112704.2653770560,flange_ring_tilt_all_-90,forearm_cap_1_tilt_all_15,upperarm_ring_tilt_all_0,upperarm_ring_tilt_all_60,32
258,112704.2653770560,flange_ring_tilt_all_-90,forearm_cap_1_tilt_all_15,upperarm_ring_tilt_all_60,upperarm_ring_x_-0.11,32
259,112703.1187823021,flange_ring_tilt_all_-90,base_cap_tilt_all_-45,forearm_cap_1_tilt_all_0,upperarm_cap_2_tilt_all_-10,32
260,112698.4786870631,flange_ring_tilt_all_-90,forearm_cap_1_tilt_all_10,upperarm_cap_1_tilt_all_-15,wrist_cap_2_tilt_all_15,32
261,112697.2404225350,flange_ring_tilt_all_-90,forearm_cap_1_tilt_all_10,forearm_cap_2_tilt_all_10,upperarm_cap_1_tilt_all_0,32
262,112694.7194955764,flange_ring_tilt_all_-90,forearm_cap_1_tilt_all_15,upperarm_cap_1_tilt_all_0,wrist_cap_1_tilt_all_-15,32
263,112688.2823061883,flange_ring_tilt_all_-90,base_cap_tilt_all_-30,forearm_cap_1_tilt_all_30,upperarm_cap_2_tilt_all_0,32
264,112685.0151949317,flange_ring_tilt_all_-90,forearm_cap_1_tilt_all_10,upperarm_cap_1_tilt_all_0,wrist_cap_1_tilt_all_-30,32
265,112656.8152262449,flange_ring_tilt_all_-90,forearm_cap_1_tilt_all_0,upperarm_cap_1_tilt_all_-10,upperarm_ring_tilt_all_60,32
266,112650.4874068467,flange_ring_tilt_all_-90,forearm_cap_1_tilt_all_15,upperarm_cap_1_tilt_all_0,upperarm_cap_2_tilt_all_-10,32
267,112639.3527450436,flange_ring_tilt_all_-90,forearm_cap_1_tilt_all_30,upperarm_cap_1_tilt_all_0,upperarm_cap_2_tilt_all_-10,32
268,112617.5438989331,flange_ring_tilt_all_-90,base_cap_tilt_all_-10,forearm_cap_1_tilt_all_15,upperarm_cap_1_tilt_all_0,32
269,112607.4146741520,flange_ring_tilt_all_-90,forearm_cap_1_tilt_all_15,forearm_cap_2_tilt_all_30,upperarm_cap_1_tilt_all_0,32
270,112597.0518086650,flange_ring_tilt_all_-90,base_cap_tilt_all_-45,forearm_cap_2_tilt_all_30,upperarm_cap_2_tilt_all_0,32
271,112596.1953105874,flange_ring_tilt_all_-90,forearm_cap_1_tilt_all_10,upperarm_cap_1_tilt_all_-10,wrist_cap_2_tilt_all_0,32
272,112594.7776607863,flange_ring_tilt_all_-90,forearm_cap_1_tilt_all_10,upperarm_cap_1_tilt_all_-15,wrist_cap_2_tilt_all_30,32
273,112592.5300688298,flange_ring_tilt_all_-90,forearm_cap_2_tilt_all_10,upperarm_cap_1_tilt_all_-15,upperarm_ring_tilt_all_45,32
274,112588.5962856292,flange_ring_tilt_all_-90,base_cap_tilt_all_-30,forearm_cap_2_tilt_all_15,upperarm_cap_1_tilt_all_-10,32
275,112575.7192825550,flange_ring_tilt_all_-90,forearm_cap_1_tilt_all_15,upperarm_cap_1_tilt_all_0,wrist_cap_2_tilt_all_0,32
276,112573.9246692192,flange_ring_tilt_all_-90,forearm_cap_1_tilt_all_15,forearm_cap_1_tilt_all_45,upperarm_cap_1_tilt_all_0,32
277,112573.7094213772,flange_ring_tilt_all_-90,forearm_cap_1_tilt_all_10,upperarm_cap_2_tilt_all_-10,upperarm_ring_tilt_all_30,32
278,112572.7709986888,flange_ring_tilt_all_-90,forearm_cap_2_tilt_all_0,upperarm_cap_2_tilt_all_-15,upperarm_ring_tilt_all_60,32
279,112566.6818276637,flange_ring_tilt_all_-90,forearm_cap_1_tilt_all_10,upperarm_cap_1_tilt_all_-10,wrist_cap_1_tilt_all_-10,32
280,112561.7102156642,flange_ring_tilt_all_-90,forearm_cap_1_tilt_all_15,upperarm_cap_1_tilt_all_-15,wrist_cap_2_tilt_all_15,32
281,112552.3423081067,flange_ring_tilt_all_-90,forearm_cap_1_tilt_all_10,upperarm_cap_1_tilt_all_-15,wrist_cap_2_tilt_all_10,32
282,112549.5975714986,flange_ring_tilt_all_-90,forearm_cap_1_tilt_all_15,forearm_cap_2_tilt_all_0,upperarm_cap_2_tilt_all_-15,32
283,112534.4827997000,flange_ring_tilt_all_-90,forearm_cap_1_tilt_all_15,upperarm_cap_1_tilt_all_-10,upperarm_ring_tilt_all_15,32
284,112533.7612947690,flange_ring_tilt_all_-90,forearm_cap_1_tilt_all_15,upperarm_cap_1_tilt_all_-15,wrist_cap_2_tilt_all_10,32
285,112531.1026280779,flange_ring_tilt_all_-90,base_cap_tilt_all_-30,forearm_cap_2_tilt_all_0,upperarm_cap_2_tilt_all_-15,32
286,112517.7622261013,flange_ring_tilt_all_-90,base_cap_tilt_all_-30,forearm_cap_1_tilt_all_0,upperarm_cap_1_tilt_all_0,32
287,112517.6551846052,flange_ring_tilt_all_-90,flange_ring_tilt_all_0,forearm_cap_1_tilt_all_15,upperarm_cap_1_tilt_all_0,32
288,112510.3934907092,flange_ring_tilt_all_-90,forearm_cap_1_tilt_all_10,upperarm_cap_2_tilt_all_-10,wrist_cap_1_tilt_all_-30,32
289,112498.7918967983,flange_ring_tilt_all_-90,forearm_cap_1_tilt_all_15,forearm_cap_2_tilt_all_10,upperarm_cap_1_tilt_all_0,32
290,112498.7589362954,flange_ring_tilt_all_-90,forearm_cap_1_tilt_all_0,upperarm_cap_1_tilt_all_-15,upperarm_ring_tilt_all_30,32
291,112493.9647472401,flange_ring_tilt_all_-90,forearm_cap_1_tilt_all_10,upperarm_cap_1_tilt_all_-10,upperarm_ring_tilt_all_15,32
292,112491.4825851893,flange_ring_tilt_all_-90,base_cap_tilt_all_-15,forearm_cap_1_tilt_all_0,upperarm_cap_1_tilt_all_-10,32
293,112474.9090481479,flange_ring_tilt_all_-90,forearm_cap_1_tilt_all_15,upperarm_cap_1_tilt_all_0,wrist_cap_1_tilt_all_-10,32
294,112471.9462847374,flange_ring_tilt_all_-90,forearm_cap_1_tilt_all_10,forearm_cap_1_tilt_all_30,upperarm_cap_1_tilt_all_0,32
295,112462.7512596278,flange_ring_tilt_all_-90,base_cap_tilt_all_-30,forearm_cap_2_tilt_all_10,upperarm_cap_1_tilt_all_-15,32
296,112456.1451787345,flange_ring_tilt_all_-90,base_cap_tilt_all_-30,forearm_cap_2_tilt_all_30,upperarm_cap_2_tilt_all_0,32
297,112450.0227980697,flange_ring_tilt_all_-90,base_cap_tilt_all_-10,forearm_cap_1_tilt_all_0,upperarm_ring_tilt_all_60,32
298,112439.3839482649,flange_ring_tilt_all_-90,forearm_cap_1_tilt_all_15,upperarm_cap_1_tilt_all_0,wrist_cap_1_tilt_all_-45,32
299,112438.4904858330,flange_ring_tilt_all_-90,forearm_cap_2_tilt_all_0,upperarm_ring_tilt_all_15,upperarm_ring_tilt_all_60,32
300,112421.1346319428,flange_ring_tilt_all_-90,forearm_cap_1_tilt_all_10,upperarm_cap_1_tilt_all_-10,wrist_cap_1_tilt_all_-45,32
301,112405.0201797111,flange_ring_tilt_all_-90,base_cap_tilt_all_-30,forearm_cap_2_tilt_all_0,upperarm_cap_2_tilt_all_-10,32
302,112396.7052134508,flange_ring_tilt_all_-90,base_cap_tilt_all_-15,forearm_cap_1_tilt_all_0,upperarm_cap_1_tilt_all_-15,32
303,112395.9385412855,flange_ring_tilt_all_-90,forearm_cap_1_tilt_all_0,forearm_cap_2_tilt_all_45,upperarm_cap_1_tilt_all_0,32
304,112394.0832672650,flange_ring_tilt_all_-90,forearm_cap_1_tilt_all_30,forearm_cap_2_tilt_all_10,upperarm_cap_1_tilt_all_0,32
305,112378.3767242855,flange_ring_tilt_all_-90,base_cap_tilt_all_-10,forearm_cap_1_tilt_all_15,upperarm_cap_1_tilt_all_-15,32
306,112368.8415290385,flange_ring_tilt_all_-90,forearm_cap_1_tilt_all_15,upperarm_cap_1_tilt_all_0,upperarm_cap_2_tilt_all_-30,32
307,112366.3089084293,flange_ring_tilt_all_-90,base_cap_tilt_all_-30,forearm_cap_1_tilt_all_10,upperarm_ring_tilt_all_60,32
308,112360.3640899786,flange_ring_tilt_all_-90,forearm_cap_1_tilt_all_15,forearm_cap_1_tilt_all_60,upperarm_cap_1_tilt_all_0,32
309,112358.8219098900,flange_ring_tilt_all_-90,forearm_cap_2_tilt_all_10,forearm_cap_2_tilt_all_45,upperarm_cap_1_tilt_all_0,32
310,112355.6015195836,flange_ring_tilt_all_-90,base_cap_tilt_all_-45,forearm_cap_2_tilt_all_10,upperarm_cap_2_tilt_all_0,32
311,112352.4061045116,flange_ring_tilt_all_-90,forearm_cap_1_tilt_all_0,forearm_cap_1_tilt_all_30,upperarm_cap_2_tilt_all_-15,32
312,112348.6147687140,flange_ring_tilt_all_-90,forearm_cap_1_tilt_all_30,upperarm_cap_2_tilt_all_0,wrist_cap_1_tilt_all_-30,32
313,112344.8865313409,flange_ring_tilt_all_-90,forearm_cap_1_tilt_all_10,upperarm_ring_tilt_all_60,upperarm_ring_x_-0.36,32
314,112333.8852930003,flange_ring_tilt_all_-90,forearm_cap_1_tilt_all_15,upperarm_cap_2_tilt_all_0,wrist_cap_1_tilt_all_-30,32
315,112324.4690057003,flange_ring_tilt_all_-90,base_cap_tilt_all_0,forearm_cap_1_tilt_all_15,upperarm_cap_1_tilt_all_-10,32
316,112324.1358540172,flange_ring_tilt_all_-90,forearm_cap_1_tilt_all_15,upperarm_cap_1_tilt_all_-10,wrist_cap_1_tilt_all_0,32
317,112309.2435663199,flange_ring_tilt_all_-90,base_cap_tilt_all_-60,forearm_cap_1_tilt_all_15,upperarm_cap_1_tilt_all_-15,32
318,112305.8602465584,flange_ring_tilt_all_-90,forearm_cap_1_tilt_all_15,upperarm_cap_2_tilt_all_-15,wrist_cap_1_tilt_all_-45,32
319,112301.7210603499,flange_ring_tilt_all_-90,forearm_cap_1_tilt_all_10,upperarm_cap_2_tilt_all_-15,wrist_cap_1_tilt_all_-30,32
320,112297.7765364188,flange_ring_tilt_all_-90,forearm_cap_1_tilt_all_15,upperarm_cap_1_tilt_all_-15,wrist_cap_2_tilt_all_30,32
321,112288.7922346619,flange_ring_tilt_all_-90,forearm_cap_1_tilt_all_10,upperarm_cap_1_tilt_all_0,wrist_cap_2_tilt_all_15,32
322,112281.5854929637,flange_ring_tilt_all_-90,forearm_cap_1_tilt_all_10,upperarm_cap_1_tilt_all_0,wrist_cap_2_tilt_all_30,32
323,112269.2804289896,flange_ring_tilt_all_-90,forearm_cap_1_tilt_all_10,upperarm_cap_2_tilt_all_-15,upperarm_ring_tilt_all_30,32
324,112268.3715425848,flange_ring_tilt_all_-90,forearm_cap_1_tilt_all_15,upperarm_cap_1_tilt_all_-15,wrist_cap_2_tilt_all_0,32
325,112260.7065609542,flange_ring_tilt_all_-90,base_cap_tilt_all_-60,forearm_cap_2_tilt_all_15,upperarm_cap_2_tilt_all_-10,32
326,112255.6597946616,flange_ring_tilt_all_-90,forearm_cap_1_tilt_all_15,upperarm_cap_1_tilt_all_-10,upperarm_cap_2_tilt_all_0,32
327,112254.6544246644,flange_ring_tilt_all_-90,forearm_cap_1_tilt_all_0,upperarm_cap_1_tilt_all_0,upperarm_ring_tilt_all_30,32
328,112252.5982353724,flange_ring_tilt_all_-90,forearm_cap_1_tilt_all_10,upperarm_cap_1_tilt_all_-15,wrist_cap_1_tilt_all_-15,32
329,112241.9151208814,flange_ring_tilt_all_-90,forearm_cap_2_tilt_all_0,upperarm_cap_1_tilt_all_-10,upperarm_ring_tilt_all_45,32
330,112237.5197326317,flange_ring_tilt_all_-90,forearm_cap_1_tilt_all_15,upperarm_cap_2_tilt_all_-30,upperarm_ring_tilt_all_60,32
331,112215.3155722564,flange_ring_tilt_all_-90,forearm_cap_1_tilt_all_30,forearm_cap_2_tilt_all_15,upperarm_cap_1_tilt_all_-10,32
332,112198.5411307767,flange_ring_tilt_all_-90,forearm_cap_1_tilt_all_0,forearm_cap_2_tilt_all_30,upperarm_cap_2_tilt_all_-10,32
333,112196.4966550228,flange_ring_tilt_all_-90,forearm_cap_2_tilt_all_15,upperarm_cap_1_tilt_all_0,upperarm_ring_tilt_all_30,32
334,112194.1559542252,flange_ring_tilt_all_-90,base_cap_tilt_all_0,forearm_cap_1_tilt_all_10,upperarm_cap_1_tilt_all_-15,32
335,112186.1871800264,flange_ring_tilt_all_-90,forearm_cap_1_tilt_all_10,upperarm_ring_tilt_all_30,upperarm_ring_tilt_all_60,32
336,112185.0216639203,flange_ring_tilt_all_-90,flange_ring_tilt_all_-10,forearm_cap_1_tilt_all_15,upperarm_cap_1_tilt_all_-10,32
337,112170.8675348939,flange_ring_tilt_all_-90,forearm_cap_1_tilt_all_15,upperarm_cap_1_tilt_all_-10,upperarm_cap_2_tilt_all_-10,32
338,112163.8156179974,flange_ring_tilt_all_-90,forearm_cap_1_tilt_all_0,upperarm_ring_tilt_all_60,upperarm_ring_x_-0.41,32
339,112162.4979371817,flange_ring_tilt_all_-90,upperarm_cap_2_tilt_all_0,upperarm_ring_tilt_all_10,upperarm_ring_tilt_all_60,32
340,112156.2963724277,flange_ring_tilt_all_-90,forearm_cap_1_tilt_all_10,upperarm_cap_1_tilt_all_0,wrist_cap_2_tilt_all_10,32
341,112153.6994833000,flange_ring_tilt_all_-90,forearm_cap_2_tilt_all_0,upperarm_ring_tilt_all_60,upperarm_ring_x_-0.21,32
342,112152.3532220424,flange_ring_tilt_all_-90,flange_ring_tilt_all_0,forearm_cap_1_tilt_all_10,upperarm_cap_1_tilt_all_-10,32
343,112132.9153308283,flange_ring_tilt_all_-90,forearm_cap_1_tilt_all_15,upperarm_cap_1_tilt_all_0,upperarm_ring_tilt_all_15,32
344,112131.0309519264,flange_ring_tilt_all_-90,forearm_cap_1_tilt_all_15,forearm_ring_x_-0.20,upperarm_cap_1_tilt_all_-10,32
345,112108.7563700431,flange_ring_tilt_all_-90,forearm_cap_1_tilt_all_15,upperarm_cap_1_tilt_all_-15,wrist_cap_1_tilt_all_-15,32
346,112108.5621828922,flange_ring_tilt_all_-90,forearm_cap_1_tilt_all_10,forearm_ring_x_-0.20,upperarm_cap_1_tilt_all_-10,32
347,112105.2015600437,flange_ring_tilt_all_-90,flange_ring_tilt_all_-10,forearm_cap_1_tilt_all_15,upperarm_cap_1_tilt_all_0,32
348,112102.1468515151,flange_ring_tilt_all_-90,forearm_cap_1_tilt_all_15,forearm_ring_x_-0.15,upperarm_cap_1_tilt_all_-10,32
349,112098.9885343767,flange_ring_tilt_all_-90,upperarm_cap_2_tilt_all_0,upperarm_ring_tilt_all_45,wrist_cap_2_tilt_all_30,32
350,112098.8632849513,flange_ring_tilt_all_-90,forearm_cap_1_tilt_all_15,upperarm_cap_1_tilt_all_-10,wrist_cap_2_tilt_all_45,32
351,112091.2761565560,flange_ring_tilt_all_-90,base_cap_tilt_all_-15,forearm_cap_1_tilt_all_10,upperarm_cap_2_tilt_all_-15,32
352,112086.9150458682,flange_ring_tilt_all_-90,forearm_cap_2_tilt_all_10,upperarm_cap_1_tilt_all_0,upperarm_ring_tilt_all_30,32
353,112086.0913529376,flange_ring_tilt_all_-90,forearm_cap_1_tilt_all_15,upperarm_cap_2_tilt_all_-15,upperarm_ring_tilt_all_30,32
354,112086.0470593577,flange_ring_tilt_all_-90,base_cap_tilt_all_-15,forearm_cap_1_tilt_all_15,upperarm_cap_2_tilt_all_-10,32
355,112083.4790156913,flange_ring_tilt_all_-90,forearm_cap_1_tilt_all_15,forearm_cap_2_tilt_all_30,upperarm_cap_1_tilt_all_-15,32
356,112074.1435416327,flange_ring_tilt_all_-90,forearm_cap_2_tilt_all_0,forearm_cap_2_tilt_all_30,upperarm_cap_2_tilt_all_-15,32
357,112071.6054121359,flange_ring_tilt_all_-90,forearm_cap_2_tilt_all_0,forearm_cap_2_tilt_all_30,upperarm_cap_1_tilt_all_0,32
358,112068.7824365213,flange_ring_tilt_all_-90,forearm_cap_1_tilt_all_10,upperarm_cap_1_tilt_all_0,wrist_cap_1_tilt_all_-15,32
359,112066.0124490747,flange_ring_tilt_all_-90,forearm_cap_1_tilt_all_10,forearm_ring_x_-0.15,upperarm_cap_1_tilt_all_-10,32
360,112062.7875673275,flange_ring_tilt_all_-90,base_cap_tilt_all_-45,forearm_cap_2_tilt_all_0,upperarm_cap_2_tilt_all_-15,32
361,112053.4459119985,flange_ring_tilt_all_-90,forearm_cap_1_tilt_all_10,upperarm_cap_1_tilt_all_-15,wrist_cap_2_tilt_all_0,32
362,112052.0342653396,flange_ring_tilt_all_-90,forearm_cap_1_tilt_all_0,upperarm_cap_1_tilt_all_-30,upperarm_ring_tilt_all_60,32
363,112050.9179188101,flange_ring_tilt_all_-90,forearm_cap_2_tilt_all_10,upperarm_cap_1_tilt_all_-10,upperarm_ring_tilt_all_30,32
364,112050.3618952931,flange_ring_tilt_all_-90,base_cap_tilt_all_-45,forearm_cap_1_tilt_all_30,upperarm_cap_2_tilt_all_-10,32
365,112049.9069319146,flange_ring_tilt_all_-90,base_cap_tilt_all_0,upperarm_cap_2_tilt_all_0,upperarm_ring_tilt_all_45,32
366,112048.0875892644,flange_ring_tilt_all_-90,forearm_cap_2_tilt_all_0,upperarm_cap_1_tilt_all_0,upperarm_ring_tilt_all_45,32
367,112046.1566618774,flange_ring_tilt_all_-90,forearm_cap_1_tilt_all_15,forearm_cap_2_tilt_all_0,upperarm_cap_1_tilt_all_0,32
368,112033.2659005385,flange_ring_tilt_all_-90,forearm_cap_1_tilt_all_15,upperarm_cap_2_tilt_all_0,upperarm_ring_tilt_all_30,32
369,112032.7794401294,flange_ring_tilt_all_-90,forearm_cap_2_tilt_all_0,upperarm_ring_tilt_all_60,upperarm_ring_x_-0.16,32
370,112030.1254343554,flange_ring_tilt_all_-90,base_cap_tilt_all_-10,forearm_cap_1_tilt_all_0,upperarm_cap_1_tilt_all_-10,32
371,112030.0493975966,flange_ring_tilt_all_-90,forearm_cap_1_tilt_all_10,forearm_cap_2_tilt_all_10,upperarm_cap_2_tilt_all_-15,32
372,112028.3336588109,flange_ring_tilt_all_-90,forearm_cap_1_tilt_all_15,upperarm_cap_1_tilt_all_-15,wrist_cap_1_tilt_all_-45,32
373,112025.2058993640,flange_ring_tilt_all_-90,base_cap_tilt_all_-45,forearm_cap_1_tilt_all_0,upperarm_cap_2_tilt_all_-30,32
374,112024.4095452918,flange_ring_tilt_all_-90,base_cap_tilt_all_-10,upperarm_cap_2_tilt_all_0,upperarm_ring_tilt_all_45,32
375,112023.4082610608,flange_ring_tilt_all_-90,forearm_cap_1_tilt_all_15,upperarm_cap_1_tilt_all_-10,upperarm_ring_x_-0.36,32
376,112018.2936181867,flange_ring_tilt_all_-90,base_cap_tilt_all_-15,forearm_cap_1_tilt_all_10,upperarm_cap_2_tilt_all_-10,32
377,112017.8915779900,flange_ring_tilt_all_-90,base_cap_tilt_all_-30,forearm_cap_2_tilt_all_15,upperarm_cap_1_tilt_all_0,32
378,112015.6327764828,flange_ring_tilt_all_-90,forearm_cap_1_tilt_all_45,forearm_cap_2_tilt_all_0,upperarm_cap_1_tilt_all_-10,32
379,112013.9448603409,flange_ring_tilt_all_-90,forearm_cap_1_tilt_all_15,forearm_cap_1_tilt_all_45,upperarm_cap_1_tilt_all_-15,32
380,112011.3328028140,flange_ring_tilt_all_-90,forearm_cap_1_tilt_all_10,forearm_ring_x_-0.25,upperarm_cap_1_tilt_all_-10,32
381,112001.9780321241,flange_ring_tilt_all_-90,forearm_cap_2_tilt_all_15,upperarm_cap_1_tilt_all_-10,upperarm_ring_tilt_all_30,32
382,111996.8697862570,flange_ring_tilt_all_-90,forearm_cap_1_tilt_all_0,forearm_cap_1_tilt_all_45,upperarm_cap_2_tilt_all_-10,32
383,111995.7810140815,flange_ring_tilt_all_-90,forearm_cap_2_tilt_all_15,forearm_cap_2_tilt_all_45,upperarm_cap_1_tilt_all_-10,32
384,111995.4166092418,flange_ring_tilt_all_-90,forearm_cap_1_tilt_all_15,upperarm_cap_1_tilt_all_-10,upperarm_ring_x_-0.41,32
385,111988.2274317164,flange_ring_tilt_all_-90,forearm_cap_2_tilt_all_15,upperarm_cap_1_tilt_all_-15,upperarm_ring_tilt_all_45,32
386,111986.8490715592,flange_ring_tilt_all_-90,forearm_cap_1_tilt_all_15,forearm_ring_x_-0.25,upperarm_cap_1_tilt_all_-10,32
387,111985.5131006130,flange_ring_tilt_all_-90,base_cap_tilt_all_-15,forearm_cap_1_tilt_all_0,upperarm_ring_tilt_all_45,32
388,111984.2025792329,flange_ring_tilt_all_-90,forearm_cap_2_tilt_all_30,upperarm_cap_1_tilt_all_-10,upperarm_cap_2_tilt_all_0,32
389,111981.6704721490,flange_ring_tilt_all_-90,base_cap_tilt_all_-30,forearm_cap_2_tilt_all_10,upperarm_cap_1_tilt_all_0,32
390,111972.8857992443,flange_ring_tilt_all_-90,forearm_cap_1_tilt_all_0,forearm_cap_1_tilt_all_60,upperarm_cap_1_tilt_all_-10,32
391,111970.8601184117,flange_ring_tilt_all_-90,flange_ring_tilt_all_0,forearm_cap_1_tilt_all_15,upperarm_cap_1_tilt_all_-15,32
392,111960.5463461527,flange_ring_tilt_all_-90,forearm_cap_1_tilt_all_10,upperarm_cap_1_tilt_all_-10,wrist_cap_2_tilt_all_45,32
393,111958.6819476740,flange_ring_tilt_all_-90,base_cap_tilt_all_-30,forearm_cap_2_tilt_all_15,upperarm_cap_1_tilt_all_-15,32
394,111957.3022256567,flange_ring_tilt_all_-90,forearm_cap_1_tilt_all_10,upperarm_cap_1_tilt_all_-10,upperarm_ring_x_-0.36,32
395,111956.7067106571,flange_ring_tilt_all_-90,forearm_cap_1_tilt_all_15,upperarm_cap_1_tilt_all_-10,upperarm_ring_x_-0.31,32
396,111955.9245886746,flange_ring_tilt_all_-90,forearm_cap_1_tilt_all_10,upperarm_cap_1_tilt_all_-15,wrist_cap_1_tilt_all_-45,32
397,111949.0109937633,flange_ring_tilt_all_-90,forearm_cap_1_tilt_all_10,upperarm_cap_1_tilt_all_-15,wrist_cap_1_tilt_all_-10,32
398,111948.7076522245,flange_ring_tilt_all_-90,base_cap_tilt_all_-15,forearm_cap_2_tilt_all_15,upperarm_cap_2_tilt_all_-10,32
399,111947.1372423037,flange_ring_tilt_all_-90,base_cap_tilt_all_-15,forearm_cap_2_tilt_all_15,upperarm_cap_1_tilt_all_-10,32
400,111945.8323394024,flange_ring_tilt_all_-90,upperarm_cap_2_tilt_all_0,upperarm_ring_tilt_all_15,upperarm_ring_tilt_all_60,32
401,111940.0310796649,flange_ring_tilt_all_-90,forearm_cap_1_tilt_all_15,forearm_ring_x_-0.15,upperarm_cap_1_tilt_all_0,32
402,111932.2194806282,flange_ring_tilt_all_-90,forearm_cap_1_tilt_all_30,upperarm_cap_1_tilt_all_0,upperarm_cap_2_tilt_all_-15,32
403,111922.2229032979,flange_ring_tilt_all_-90,forearm_cap_1_tilt_all_15,forearm_cap_1_tilt_all_30,upperarm_cap_1_tilt_all_-10,32
404,111922.2213028610,flange_ring_tilt_all_-90,base_cap_tilt_all_-10,forearm_cap_1_tilt_all_0,upperarm_cap_1_tilt_all_-15,32
405,111921.4895322320,flange_ring_tilt_all_-90,forearm_cap_2_tilt_all_0,upperarm_cap_1_tilt_all_-15,upperarm_ring_tilt_all_45,32
406,111921.2932809579,flange_ring_tilt_all_-90,base_cap_tilt_all_-30,forearm_cap_2_tilt_all_0,upperarm_cap_1_tilt_all_-10,32
407,111921.0409343626,flange_ring_tilt_all_-90,forearm_cap_1_tilt_all_15,forearm_ring_x_-0.20,upperarm_cap_1_tilt_all_0,32
408,111915.5957108660,flange_ring_tilt_all_-90,base_cap_tilt_all_-15,upperarm_cap_2_tilt_all_0,upperarm_ring_tilt_all_45,32
409,111907.8456669435,flange_ring_tilt_all_-90,base_cap_tilt_all_-45,forearm_cap_2_tilt_all_10,upperarm_cap_1_tilt_all_-10,32
410,111900.7823364668,flange_ring_tilt_all_-90,base_cap_tilt_all_-45,forearm_cap_2_tilt_all_0,upperarm_cap_2_tilt_all_-10,32
411,111898.8915885071,flange_ring_tilt_all_-90,forearm_cap_1_tilt_all_15,upperarm_cap_1_tilt_all_0,wrist_cap_1_tilt_all_0,32
412,111898.5348539993,flange_ring_tilt_all_-90,forearm_cap_1_tilt_all_10,upperarm_cap_1_tilt_all_-10,upperarm_ring_x_-0.41,32
413,111897.6028397046,flange_ring_tilt_all_-90,base_cap_tilt_all_-60,forearm_cap_2_tilt_all_10,upperarm_cap_2_tilt_all_-10,32
414,111894.4112310761,flange_ring_tilt_all_-90,forearm_cap_1_tilt_all_0,forearm_cap_2_tilt_all_15,upperarm_cap_1_tilt_all_0,32
415,111893.3050948174,flange_ring_tilt_all_-90,forearm_cap_1_tilt_all_15,upperarm_cap_1_tilt_all_-10,upperarm_ring_tilt_all_10,32
416,111892.8665047967,flange_ring_tilt_all_-90,base_cap_tilt_all_-30,forearm_cap_2_tilt_all_0,upperarm_cap_1_tilt_all_-15,32
417,111891.6909644928,flange_ring_tilt_all_-90,forearm_cap_1_tilt_all_15,forearm_cap_2_tilt_all_45,upperarm_cap_1_tilt_all_0,32
418,111889.0747292551,flange_ring_tilt_all_-90,forearm_cap_1_tilt_all_15,forearm_cap_2_tilt_all_0,upperarm_cap_2_tilt_all_-10,32
419,111889.0347158087,flange_ring_tilt_all_-90,base_cap_tilt_all_-30,forearm_cap_1_tilt_all_30,upperarm_cap_2_tilt_all_-10,32
420,111879.8961039651,flange_ring_tilt_all_-90,base_cap_tilt_all_-15,forearm_cap_2_tilt_all_10,upperarm_cap_1_tilt_all_-10,32
421,111877.6951414753,flange_ring_tilt_all_-90,forearm_cap_1_tilt_all_15,upperarm_ring_tilt_all_60,upperarm_ring_x_-0.31,32
422,111877.4775993446,flange_ring_tilt_all_-90,forearm_cap_1_tilt_all_10,upperarm_cap_1_tilt_all_-10,upperarm_ring_x_-0.31,32
423,111866.0997413437,flange_ring_tilt_all_-90,forearm_cap_2_tilt_all_0,upperarm_cap_2_tilt_all_0,upperarm_ring_tilt_all_60,32
424,111864.9374991963,flange_ring_tilt_all_-90,forearm_cap_1_tilt_all_15,upperarm_cap_1_tilt_all_0,upperarm_cap_2_tilt_all_0,32
425,111863.4388723094,flange_ring_tilt_all_-90,forearm_cap_1_tilt_all_45,forearm_cap_2_tilt_all_10,upperarm_cap_1_tilt_all_-10,32
426,111860.5030729620,flange_ring_tilt_all_-90,forearm_cap_1_tilt_all_15,upperarm_cap_1_tilt_all_-15,wrist_cap_1_tilt_all_-10,32
427,111858.5569433185,flange_ring_tilt_all_-90,forearm_cap_2_tilt_all_10,upperarm_ring_tilt_all_10,upperarm_ring_tilt_all_60,32
428,111855.9841666979,flange_ring_tilt_all_-90,forearm_cap_2_tilt_all_30,upperarm_cap_1_tilt_all_0,upperarm_cap_2_tilt_all_-10,32
429,111853.6502405139,flange_ring_tilt_all_-90,forearm_cap_1_tilt_all_15,upperarm_cap_1_tilt_all_-10,wrist_cap_1_tilt_all_-60,32
430,111849.3770759645,flange_ring_tilt_all_-90,base_cap_tilt_all_-10,forearm_cap_1_tilt_all_0,upperarm_ring_tilt_all_45,32
431,111844.0677073036,flange_ring_tilt_all_-90,forearm_cap_1_tilt_all_10,forearm_ring_x_-0.30,upperarm_cap_1_tilt_all_-10,32
432,111836.4110098621,flange_ring_tilt_all_-90,forearm_cap_1_tilt_all_15,upperarm_cap_1_tilt_all_-10,upperarm_ring_x_-0.46,32
433,111834.1231518068,flange_ring_tilt_all_-90,forearm_cap_1_tilt_all_15,upperarm_cap_1_tilt_all_-10,upperarm_cap_2_tilt_all_-15,32
434,111821.7598495471,flange_ring_tilt_all_-90,forearm_cap_2_tilt_all_30,upperarm_cap_2_tilt_all_0,wrist_cap_1_tilt_all_-30,32
435,111819.7203792390,flange_ring_tilt_all_-90,forearm_cap_1_tilt_all_10,upperarm_cap_2_tilt_all_-10,wrist_cap_1_tilt_all_-45,32
436,111808.1949593460,flange_ring_tilt_all_-90,base_cap_tilt_all_-15,forearm_cap_1_tilt_all_10,upperarm_ring_tilt_all_60,32
437,111806.9159357672,flange_ring_tilt_all_-90,forearm_cap_1_tilt_all_30,forearm_cap_2_tilt_all_10,upperarm_cap_2_tilt_all_-10,32
438,111803.6763849917,flange_ring_tilt_all_-90,base_cap_tilt_all_-15,forearm_cap_1_tilt_all_15,upperarm_cap_2_tilt_all_-15,32
439,111801.8372312662,flange_ring_tilt_all_-90,forearm_cap_1_tilt_all_15,forearm_cap_2_tilt_all_10,upperarm_cap_2_tilt_all_-15,32
440,111800.3842811003,flange_ring_tilt_all_-90,forearm_cap_1_tilt_all_15,forearm_cap_1_tilt_all_60,upperarm_cap_1_tilt_all_-15,32
441,111799.4362589123,flange_ring_tilt_all_-90,forearm_cap_1_tilt_all_15,forearm_ring_x_-0.30,upperarm_cap_1_tilt_all_-10,32
442,111796.6651257877,flange_ring_tilt_all_-90,forearm_cap_1_tilt_all_15,upperarm_cap_1_tilt_all_-10,upperarm_ring_x_-0.26,32
443,111785.0842269098,flange_ring_tilt_all_-90,forearm_cap_2_tilt_all_0,upperarm_ring_tilt_all_60,upperarm_ring_x_-0.26,32
444,111784.7936635453,flange_ring_tilt_all_-90,base_cap_tilt_all_-45,forearm_cap_1_tilt_all_10,upperarm_cap_2_tilt_all_-30,32
445,111783.3851075706,flange_ring_tilt_all_-90,forearm_cap_1_tilt_all_10,upperarm_cap_1_tilt_all_-10,upperarm_ring_tilt_all_10,32
446,111777.5025170774,flange_ring_tilt_all_-90,base_cap_tilt_all_-60,forearm_cap_1_tilt_all_15,upperarm_cap_2_tilt_all_0,32
447,111777.4679921265,flange_ring_tilt_all_-90,base_cap_tilt_all_-30,forearm_cap_1_tilt_all_0,upperarm_cap_2_tilt_all_-30,32
448,111771.2715176008,flange_ring_tilt_all_-90,forearm_cap_1_tilt_all_0,forearm_cap_1_tilt_all_60,upperarm_cap_1_tilt_all_-15,32
449,111768.8007737728,flange_ring_tilt_all_-90,base_cap_tilt_all_-45,forearm_cap_2_tilt_all_15,upperarm_cap_1_tilt_all_-10,32
450,111768.4400019730,flange_ring_tilt_all_-90,forearm_cap_1_tilt_all_15,forearm_ring,upperarm_cap_1_tilt_all_-10,32
451,111768.4400019730,flange_ring_tilt_all_-90,forearm_cap_1_tilt_all_15,forearm_ring_x_-0.10,upperarm_cap_1_tilt_all_-10,32
452,111766.5788665012,flange_ring_tilt_all_-90,forearm_cap_2_tilt_all_0,forearm_cap_2_tilt_all_30,upperarm_cap_2_tilt_all_-10,32
453,111766.4226310198,flange_ring_tilt_all_-90,forearm_cap_1_tilt_all_10,upperarm_cap_1_tilt_all_-10,wrist_cap_1_tilt_all_0,32
454,111763.4516980790,flange_ring_tilt_all_-90,forearm_cap_2_tilt_all_15,forearm_cap_2_tilt_all_60,upperarm_cap_1_tilt_all_-10,32
455,111762.6148548692,flange_ring_tilt_all_-90,base_cap_tilt_all_-45,forearm_cap_1_tilt_all_0,upperarm_cap_1_tilt_all_0,32
456,111762.2546060238,flange_ring_tilt_all_-90,forearm_cap_1_tilt_all_10,upperarm_cap_1_tilt_all_-10,upperarm_ring_x_-0.46,32
457,111761.3663673874,flange_ring_tilt_all_-90,forearm_cap_1_tilt_all_10,upperarm_cap_1_tilt_all_0,wrist_cap_1_tilt_all_-10,32
458,111756.3549551749,flange_ring_tilt_all_-90,forearm_cap_1_tilt_all_15,upperarm_cap_2_tilt_all_-10,wrist_cap_1_tilt_all_-15,32
459,111755.0820852549,flange_ring_tilt_all_-90,forearm_cap_1_tilt_all_10,forearm_cap_2_tilt_all_15,upperarm_cap_2_tilt_all_-15,32
460,111754.7045824132,flange_ring_tilt_all_-90,forearm_cap_1_tilt_all_10,upperarm_cap_1_tilt_all_0,upperarm_ring_tilt_all_15,32
461,111750.5267231033,flange_ring_tilt_all_-90,forearm_cap_1_tilt_all_15,forearm_ring_x_-0.25,upperarm_cap_1_tilt_all_0,32
462,111749.9704229577,flange_ring_tilt_all_-90,forearm_cap_2_tilt_all_10,forearm_cap_2_tilt_all_45,upperarm_cap_2_tilt_all_-10,32
463,111749.5773808093,flange_ring_tilt_all_-90,forearm_cap_1_tilt_all_15,upperarm_cap_1_tilt_all_-15,upperarm_cap_2_tilt_all_0,32
464,111747.1005690696,flange_ring_tilt_all_-90,upperarm_cap_2_tilt_all_0,upperarm_ring_tilt_all_60,upperarm_ring_x_-0.21,32
465,111744.1605287931,flange_ring_tilt_all_-90,base_cap_tilt_all_-30,forearm_cap_2_tilt_all_30,upperarm_cap_2_tilt_all_-10,32
466,111726.7580196613,flange_ring_tilt_all_-90,forearm_cap_2_tilt_all_10,forearm_cap_2_tilt_all_60,upperarm_cap_1_tilt_all_-15,32
467,111722.1772755871,flange_ring_tilt_all_-90,forearm_cap_1_tilt_all_15,forearm_cap_2_tilt_all_10,upperarm_cap_2_tilt_all_-10,32
468,111719.1926939517,flange_ring_tilt_all_-90,forearm_cap_1_tilt_all_10,upperarm_cap_2_tilt_all_-15,wrist_cap_1_tilt_all_-45,32
469,111716.6202022898,flange_ring_tilt_all_-90,forearm_cap_2_tilt_all_10,forearm_cap_2_tilt_all_30,upperarm_cap_1_tilt_all_-10,32
470,111715.0217936767,flange_ring_tilt_all_-90,forearm_cap_1_tilt_all_10,upperarm_cap_1_tilt_all_0,wrist_cap_2_tilt_all_0,32
471,111708.2281947529,flange_ring_tilt_all_-90,base_cap_tilt_all_-10,forearm_cap_2_tilt_all_15,upperarm_cap_1_tilt_all_-10,32
472,111698.6637924899,flange_ring_tilt_all_-90,base_cap_tilt_all_-45,forearm_cap_2_tilt_all_30,upperarm_cap_2_tilt_all_-10,32
473,111694.4688122661,flange_ring_tilt_all_-90,forearm_cap_1_tilt_all_10,forearm_cap_2_tilt_all_0,upperarm_cap_2_tilt_all_-15,32
474,111692.1352544597,flange_ring_tilt_all_-90,forearm_cap_1_tilt_all_45,forearm_cap_2_tilt_all_0,upperarm_cap_1_tilt_all_-15,32
475,111690.3497282736,flange_ring_tilt_all_-90,forearm_cap_1_tilt_all_10,upperarm_cap_1_tilt_all_-15,upperarm_ring_tilt_all_15,32
476,111689.2573685924,flange_ring_tilt_all_-90,forearm_cap_1_tilt_all_10,forearm_ring,upperarm_cap_1_tilt_all_-10,32
477,111689.2573685924,flange_ring_tilt_all_-90,forearm_cap_1_tilt_all_10,forearm_ring_x_-0.10,upperarm_cap_1_tilt_all_-10,32
478,111687.8064387007,flange_ring_tilt_all_-90,forearm_cap_1_tilt_all_30,upperarm_cap_1_tilt_all_0,wrist_cap_2_tilt_all_0,32
479,111679.4110242037,flange_ring_tilt_all_-90,forearm_cap_1_tilt_all_10,upperarm_cap_1_tilt_all_-10,upperarm_ring_x_-0.26,32
480,111672.4907834500,flange_ring_tilt_all_-90,flange_ring_tilt_all_-15,forearm_cap_1_tilt_all_15,upperarm_cap_1_tilt_all_0,32
481,111666.0092174133,flange_ring_tilt_all_-90,forearm_cap_1_tilt_all_10,upperarm_cap_1_tilt_all_0,wrist_cap_1_tilt_all_-45,32
482,111663.5912740321,flange_ring_tilt_all_-90,flange_ring_tilt_all_0,forearm_cap_1_tilt_all_10,upperarm_cap_1_tilt_all_-15,32
483,111654.5692075516,flange_ring_tilt_all_-90,forearm_cap_1_tilt_all_15,upperarm_cap_1_tilt_all_0,upperarm_ring_x_-0.36,32
484,111650.2323639913,flange_ring_tilt_all_-90,base_cap_tilt_all_-60,forearm_cap_2_tilt_all_10,upperarm_cap_2_tilt_all_-15,32
485,111646.1994707223,flange_ring_tilt_all_-90,forearm_cap_1_tilt_all_30,upperarm_cap_1_tilt_all_0,wrist_cap_2_tilt_all_10,32
486,111641.0236958670,flange_ring_tilt_all_-90,flange_ring_tilt_all_-15,forearm_cap_1_tilt_all_15,upperarm_cap_1_tilt_all_-10,32
487,111637.3202354356,flange_ring_tilt_all_-90,base_cap_tilt_all_-15,forearm_cap_2_tilt_all_10,upperarm_cap_2_tilt_all_-10,32
488,111632.7038483551,flange_ring_tilt_all_-90,forearm_cap_1_tilt_all_30,upperarm_cap_2_tilt_all_-15,upperarm_ring_tilt_all_60,32
489,111632.6863361182,flange_ring_tilt_all_-90,base_cap_tilt_all_-45,forearm_cap_2_tilt_all_10,upperarm_cap_1_tilt_all_-15,32
490,111632.3559015336,flange_ring_tilt_all_-90,forearm_cap_1_tilt_all_0,forearm_cap_1_tilt_all_30,upperarm_cap_2_tilt_all_-10,32
491,111628.8418693362,flange_ring_tilt_all_-90,forearm_cap_1_tilt_all_0,upperarm_ring_tilt_all_60,wrist_cap_2_tilt_all_10,32
492,111623.4822184599,flange_ring_tilt_all_-90,forearm_cap_1_tilt_all_0,upperarm_ring_tilt_all_60,wrist_cap_2_tilt_all_0,32
493,111622.6405986066,flange_ring_tilt_all_-90,forearm_cap_1_tilt_all_15,upperarm_cap_1_tilt_all_0,upperarm_ring_x_-0.41,32
494,111622.4502151340,flange_ring_tilt_all_-90,forearm_cap_1_tilt_all_10,forearm_ring_x_-0.35,upperarm_cap_1_tilt_all_-10,32
495,111620.3906010946,flange_ring_tilt_all_-90,forearm_cap_2_tilt_all_15,upperarm_cap_1_tilt_all_-10,upperarm_ring_tilt_all_60,32
496,111617.5003576967,flange_ring_tilt_all_-90,base_cap_tilt_all_-60,forearm_cap_2_tilt_all_15,upperarm_cap_2_tilt_all_-15,32
497,111615.4911337091,flange_ring_tilt_all_-90,base_cap_tilt_all_0,forearm_cap_1_tilt_all_10,upperarm_cap_1_tilt_all_0,32
498,111608.8377203119,flange_ring_tilt_all_-90,base_cap_tilt_all_-10,forearm_cap_1_tilt_all_10,upperarm_cap_2_tilt_all_-15,32
499,111600.7382346210,flange_ring_tilt_all_-90,base_cap_tilt_all_-10,forearm_cap_1_tilt_all_15,upperarm_cap_2_tilt_all_-10,32
500,111600.0182202906,flange_ring_tilt_all_-90,forearm_cap_1_tilt_all_15,upperarm_cap_1_tilt_all_-10,upperarm_ring_x_-0.51,32
501,111595.6216015420,flange_ring_tilt_all_-90,base_cap_tilt_all_-10,forearm_cap_2_tilt_all_10,upperarm_cap_1_tilt_all_-10,32
502,111589.7615678598,flange_ring_tilt_all_-90,forearm_cap_1_tilt_all_10,forearm_cap_2_tilt_all_10,upperarm_cap_2_tilt_all_-10,32
503,111588.4166866010,flange_ring_tilt_all_-90,base_cap_tilt_all_0,forearm_cap_1_tilt_all_15,upperarm_cap_1_tilt_all_0,32
504,111581.7349711800,flange_ring_tilt_all_-90,base_cap_tilt_all_-10,forearm_cap_2_tilt_all_15,upperarm_cap_2_tilt_all_-10,32
505,111579.5070862960,flange_ring_tilt_all_-90,flange_ring_tilt_all_0,forearm_cap_1_tilt_all_0,upperarm_ring_tilt_all_45,32
506,111578.8934909392,flange_ring_tilt_all_-90,forearm_cap_1_tilt_all_15,upperarm_cap_2_tilt_all_-10,wrist_cap_2_tilt_all_15,32
507,111572.7808276795,flange_ring_tilt_all_-90,forearm_cap_1_tilt_all_15,upperarm_cap_1_tilt_all_0,upperarm_ring_x_-0.31,32
508,111568.1284575115,flange_ring_tilt_all_-90,base_cap_tilt_all_-15,forearm_cap_2_tilt_all_15,upperarm_cap_1_tilt_all_0,32
509,111563.2710467741,flange_ring_tilt_all_-90,forearm_cap_1_tilt_all_10,upperarm_cap_1_tilt_all_-10,upperarm_ring_x_-0.51,32
510,111557.0591215700,flange_ring_tilt_all_-90,forearm_cap_2_tilt_all_10,upperarm_cap_1_tilt_all_-10,upperarm_ring_tilt_all_60,32
511,111556.7479508231,flange_ring_tilt_all_-90,upperarm_cap_2_tilt_all_0,upperarm_ring_tilt_all_60,upperarm_ring_x_-0.16,32
512,111546.9718260946,flange_ring_tilt_all_-90,forearm_cap_1_tilt_all_30,upperarm_cap_1_tilt_all_-15,upperarm_cap_2_tilt_all_0,32
513,111545.4225297395,flange_ring_tilt_all_-90,forearm_cap_1_tilt_all_0,upperarm_ring_tilt_all_60,wrist_cap_2_tilt_all_15,32
514,111542.2961517695,flange_ring_tilt_all_-90,forearm_cap_1_tilt_all_30,upperarm_cap_1_tilt_all_0,wrist_cap_2_tilt_all_15,32
515,111541.9500150047,flange_ring_tilt_all_-90,forearm_cap_1_tilt_all_0,upperarm_ring_tilt_all_45,wrist_cap_1_tilt_all_0,32
516,111538.3103058087,flange_ring_tilt_all_-90,forearm_cap_1_tilt_all_10,forearm_cap_2_tilt_all_15,upperarm_cap_2_tilt_all_-10,32
517,111536.4723837633,flange_ring_tilt_all_-90,forearm_cap_2_tilt_all_10,forearm_cap_2_tilt_all_60,upperarm_cap_1_tilt_all_0,32
518,111531.7206286561,flange_ring_tilt_all_-90,forearm_cap_1_tilt_all_15,forearm_ring_x_-0.35,upperarm_cap_1_tilt_all_-10,32
519,111523.0448781712,flange_ring_tilt_all_-90,forearm_cap_1_tilt_all_0,upperarm_cap_1_tilt_all_0,upperarm_ring_tilt_all_60,32
520,111521.5732962352,flange_ring_tilt_all_-90,forearm_cap_1_tilt_all_15,upperarm_cap_1_tilt_all_-10,upperarm_ring_x_-0.21,32
521,111513.4640501318,flange_ring_tilt_all_-90,base_cap_tilt_all_-10,forearm_cap_1_tilt_all_10,upperarm_cap_2_tilt_all_-10,32
522,111513.0397624706,flange_ring_tilt_all_-90,flange_ring_tilt_all_-10,forearm_cap_1_tilt_all_10,upperarm_cap_1_tilt_all_-10,32
523,111512.3494701321,flange_ring_tilt_all_-90,forearm_cap_1_tilt_all_15,forearm_ring_x_-0.30,upperarm_cap_1_tilt_all_0,32
524,111509.5651133988,flange_ring_tilt_all_-90,forearm_cap_1_tilt_all_0,upperarm_ring_tilt_all_45,wrist_cap_1_tilt_all_-10,32
525,111507.6124244794,flange_ring_tilt_all_-90,forearm_cap_1_tilt_all_15,forearm_ring,upperarm_cap_1_tilt_all_0,32
526,111507.6124244794,flange_ring_tilt_all_-90,forearm_cap_1_tilt_all_15,forearm_ring_x_-0.10,upperarm_cap_1_tilt_all_0,32
527,111500.2869062992,flange_ring_tilt_all_-90,forearm_cap_1_tilt_all_15,upperarm_cap_2_tilt_all_-10,wrist_cap_2_tilt_all_10,32
528,111495.7745877885,flange_ring_tilt_all_-90,forearm_cap_2_tilt_all_30,upperarm_cap_1_tilt_all_0,wrist_cap_2_tilt_all_0,32
529,111480.4800931082,flange_ring_tilt_all_-90,forearm_cap_1_tilt_all_15,forearm_ring_x_-0.20,upperarm_cap_2_tilt_all_-10,32
530,111477.9361134900,flange_ring_tilt_all_-90,forearm_cap_1_tilt_all_15,upperarm_cap_1_tilt_all_0,upperarm_ring_tilt_all_10,32
531,111460.9871342232,flange_ring_tilt_all_-90,flange_ring_tilt_all_-10,forearm_cap_1_tilt_all_0,upperarm_ring_tilt_all_45,32
532,111454.0292089332,flange_ring_tilt_all_-90,forearm_cap_1_tilt_all_10,forearm_ring_x_-0.15,upperarm_cap_1_tilt_all_0,32
533,111451.0633158674,flange_ring_tilt_all_-90,base_cap_tilt_all_0,forearm_cap_1_tilt_all_0,upperarm_ring_tilt_all_45,32
534,111449.4059668328,flange_ring_tilt_all_-90,base_cap_tilt_all_0,forearm_cap_1_tilt_all_15,upperarm_cap_1_tilt_all_-15,32
535,111447.1820597712,flange_ring_tilt_all_-90,forearm_cap_1_tilt_all_15,upperarm_cap_1_tilt_all_0,wrist_cap_2_tilt_all_45,32
536,111443.3985835318,flange_ring_tilt_all_-90,base_cap_tilt_all_-60,forearm_cap_1_tilt_all_15,upperarm_cap_1_tilt_all_0,32
537,111441.0287354490,flange_ring_tilt_all_-90,forearm_cap_1_tilt_all_0,upperarm_ring_tilt_all_45,wrist_cap_1_tilt_all_-15,32
538,111440.3608252490,flange_ring_tilt_all_-90,forearm_cap_1_tilt_all_10,upperarm_cap_2_tilt_all_0,upperarm_ring_tilt_all_30,32
539,111437.3604867605,flange_ring_tilt_all_-90,forearm_cap_1_tilt_all_10,forearm_ring_x_-0.20,upperarm_cap_1_tilt_all_0,32
540,111434.9510616622,flange_ring_tilt_all_-90,forearm_cap_1_tilt_all_15,forearm_ring_x_-0.15,upperarm_cap_2_tilt_all_-10,32
541,111433.9843393135,flange_ring_tilt_all_-90,forearm_cap_1_tilt_all_15,upperarm_cap_1_tilt_all_0,upperarm_ring_x_-0.46,32
542,111431.9382880756,flange_ring_tilt_all_-90,base_cap_tilt_all_-15,forearm_cap_2_tilt_all_10,upperarm_cap_2_tilt_all_-15,32
543,111420.6062336207,flange_ring_tilt_all_-90,forearm_cap_1_tilt_all_15,upperarm_cap_2_tilt_all_-30,upperarm_ring_tilt_all_45,32
544,111417.8979826127,flange_ring_tilt_all_-90,flange_ring_tilt_all_0,forearm_cap_1_tilt_all_10,upperarm_cap_1_tilt_all_0,32
545,111414.6582165094,flange_ring_tilt_all_-90,forearm_cap_1_tilt_all_30,upperarm_cap_2_tilt_all_0,wrist_cap_1_tilt_all_-45,32
546,111409.1086667348,flange_ring_tilt_all_-90,base_cap_tilt_all_-45,forearm_cap_1_tilt_all_0,upperarm_ring_tilt_all_60,32
547,111404.9436806492,flange_ring_tilt_all_-90,base_cap_tilt_all_-30,upperarm_cap_2_tilt_all_0,upperarm_ring_tilt_all_60,32
548,111399.8693492025,flange_ring_tilt_all_-90,forearm_cap_1_tilt_all_15,upperarm_cap_2_tilt_all_-10,wrist_cap_1_tilt_all_-60,32
549,111393.0869508880,flange_ring_tilt_all_-90,upperarm_cap_2_tilt_all_0,upperarm_ring_tilt_all_60,upperarm_ring_x_-0.26,32
550,111390.3111704881,flange_ring_tilt_all_-90,forearm_cap_2_tilt_all_30,upperarm_cap_2_tilt_all_-15,upperarm_ring_tilt_all_60,32
551,111382.4477853716,flange_ring_tilt_all_-90,base_cap_tilt_all_-60,forearm_cap_1_tilt_all_10,upperarm_cap_1_tilt_all_0,32
552,111381.2118094931,flange_ring_tilt_all_-90,forearm_cap_1_tilt_all_10,upperarm_cap_1_tilt_all_-10,upperarm_ring_x_-0.21,32
553,111379.7385084604,flange_ring_tilt_all_-90,forearm_cap_2_tilt_all_10,upperarm_ring_tilt_all_15,upperarm_ring_tilt_all_60,32
554,111376.9215672365,flange_ring_tilt_all_-90,forearm_cap_1_tilt_all_15,upperarm_cap_1_tilt_all_0,wrist_cap_1_tilt_all_-60,32
555,111376.3033916395,flange_ring_tilt_all_-90,forearm_cap_2_tilt_all_10,upperarm_ring_tilt_all_60,upperarm_ring_x_-0.21,32
556,111376.1804828279,flange_ring_tilt_all_-90,forearm_cap_1_tilt_all_30,forearm_cap_2_tilt_all_15,upperarm_cap_1_tilt_all_0,32
557,111374.3941303864,flange_ring_tilt_all_-90,base_cap_tilt_all_-30,forearm_cap_1_tilt_all_10,upperarm_cap_2_tilt_all_-30,32
558,111366.1263994013,flange_ring_tilt_all_-90,forearm_cap_2_tilt_all_15,upperarm_cap_1_tilt_all_0,upperarm_ring_tilt_all_60,32
559,111360.6227456844,flange_ring_tilt_all_-90,forearm_cap_1_tilt_all_15,upperarm_cap_1_tilt_all_0,upperarm_ring_x_-0.26,32
560,111359.4348578287,flange_ring_tilt_all_-90,forearm_cap_1_tilt_all_10,forearm_ring_x_-0.15,upperarm_cap_1_tilt_all_-15,32
561,111359.3998858944,flange_ring_tilt_all_-90,forearm_cap_1_tilt_all_15,upperarm_cap_2_tilt_all_0,wrist_cap_1_tilt_all_-45,32
562,111355.4215742610,flange_ring_tilt_all_-90,forearm_cap_2_tilt_all_10,upperarm_ring_tilt_all_60,upperarm_ring_x_-0.16,32
563,111353.3802632762,flange_ring_tilt_all_-90,forearm_cap_1_tilt_all_10,forearm_ring_x_-0.20,upperarm_cap_1_tilt_all_-15,32
564,111346.1378060087,flange_ring_tilt_all_-90,base_cap_tilt_all_-15,forearm_cap_2_tilt_all_10,upperarm_cap_1_tilt_all_-15,32
565,111344.0554833959,flange_ring_tilt_all_-90,forearm_cap_1_tilt_all_10,forearm_cap_1_tilt_all_45,upperarm_cap_2_tilt_all_-15,32
566,111341.6161027451,flange_ring_tilt_all_-90,base_cap_tilt_all_-10,forearm_cap_1_tilt_all_15,upperarm_cap_2_tilt_all_-15,32
567,111332.4585443810,flange_ring_tilt_all_-90,forearm_cap_1_tilt_all_15,forearm_cap_2_tilt_all_45,upperarm_cap_1_tilt_all_-15,32
568,111329.2769901368,flange_ring_tilt_all_-90,forearm_cap_1_tilt_all_10,forearm_cap_1_tilt_all_45,upperarm_cap_2_tilt_all_-10,32
569,111326.2900201635,flange_ring_tilt_all_-90,forearm_cap_1_tilt_all_15,upperarm_cap_2_tilt_all_-10,wrist_cap_2_tilt_all_30,32
570,111325.6182230801,flange_ring_tilt_all_-90,flange_ring_tilt_all_-15,forearm_cap_1_tilt_all_0,upperarm_ring_tilt_all_45,32
571,111319.6631335971,flange_ring_tilt_all_-90,forearm_cap_1_tilt_all_15,upperarm_cap_2_tilt_all_-10,wrist_cap_1_tilt_all_-10,32
572,111319.4877774586,flange_ring_tilt_all_-90,forearm_cap_1_tilt_all_10,upperarm_cap_1_tilt_all_-15,wrist_cap_2_tilt_all_45,32
573,111316.9182384366,flange_ring_tilt_all_-90,base_cap_tilt_all_-15,forearm_cap_1_tilt_all_0,upperarm_cap_1_tilt_all_0,32
574,111311.5848500039,flange_ring_tilt_all_-90,forearm_cap_1_tilt_all_10,upperarm_cap_1_tilt_all_-15,upperarm_ring_x_-0.36,32
575,111310.8713835755,flange_ring_tilt_all_-90,forearm_cap_1_tilt_all_10,upperarm_cap_1_tilt_all_-10,wrist_cap_1_tilt_all_-60,32
576,111308.6778518645,flange_ring_tilt_all_-90,forearm_cap_1_tilt_all_10,upperarm_cap_1_tilt_all_-15,upperarm_ring_x_-0.41,32
577,111305.0199701761,flange_ring_tilt_all_-90,forearm_cap_1_tilt_all_10,forearm_ring_x_-0.25,upperarm_cap_1_tilt_all_0,32
578,111304.5775177888,flange_ring_tilt_all_-90,forearm_cap_1_tilt_all_10,forearm_ring_x_-0.40,upperarm_cap_1_tilt_all_-10,32
579,111303.3560152357,flange_ring_tilt_all_-90,base_cap_tilt_all_-15,forearm_cap_2_tilt_all_15,upperarm_cap_2_tilt_all_-15,32
580,111300.5370027237,flange_ring_tilt_all_-90,base_cap_tilt_all_-60,forearm_cap_1_tilt_all_0,upperarm_cap_1_tilt_all_-15,32
581,111299.7349031516,flange_ring_tilt_all_-90,forearm_cap_1_tilt_all_10,upperarm_ring_tilt_all_60,upperarm_ring_x_-0.41,32
582,111291.8882742215,flange_ring_tilt_all_-90,forearm_cap_1_tilt_all_15,upperarm_cap_1_tilt_all_-15,upperarm_ring_tilt_all_15,32
583,111285.5837492724,flange_ring_tilt_all_-90,forearm_cap_1_tilt_all_15,upperarm_cap_2_tilt_all_-15,wrist_cap_2_tilt_all_15,32
584,111269.2435284284,flange_ring_tilt_all_-90,forearm_cap_1_tilt_all_15,forearm_cap_2_tilt_all_15,upperarm_cap_2_tilt_all_-10,32
585,111266.6745772580,flange_ring_tilt_all_-90,forearm_cap_1_tilt_all_15,upperarm_cap_1_tilt_all_0,upperarm_ring_x_-0.51,32
586,111265.8550517818,flange_ring_tilt_all_-90,forearm_cap_2_tilt_all_10,upperarm_cap_1_tilt_all_-15,upperarm_ring_tilt_all_60,32
587,111261.9654835912,flange_ring_tilt_all_-90,forearm_cap_1_tilt_all_0,upperarm_ring_tilt_all_60,wrist_cap_2_tilt_all_30,32
588,111261.4796806598,flange_ring_tilt_all_-90,forearm_cap_1_tilt_all_10,forearm_cap_2_tilt_all_30,upperarm_cap_2_tilt_all_-15,32
589,111255.0082354440,flange_ring_tilt_all_-90,forearm_cap_1_tilt_all_10,upperarm_cap_1_tilt_all_0,upperarm_ring_x_-0.36,32
590,111254.1147821828,flange_ring_tilt_all_-90,forearm_cap_1_tilt_all_10,forearm_ring_x_-0.25,upperarm_cap_1_tilt_all_-15,32
591,111253.9115210840,flange_ring_tilt_all_-90,base_cap_tilt_all_-10,forearm_cap_1_tilt_all_10,upperarm_ring_tilt_all_60,32
592,111251.8997211303,flange_ring_tilt_all_-90,forearm_cap_1_tilt_all_15,upperarm_cap_1_tilt_all_-15,wrist_cap_1_tilt_all_0,32
593,111249.4432947353,flange_ring_tilt_all_-90,forearm_cap_1_tilt_all_15,upperarm_cap_2_tilt_all_-15,wrist_cap_2_tilt_all_10,32
594,111246.7011874007,flange_ring_tilt_all_-90,forearm_cap_1_tilt_all_10,forearm_cap_2_tilt_all_30,upperarm_cap_2_tilt_all_-10,32
595,111241.2176164532,flange_ring_tilt_all_-90,forearm_cap_2_tilt_all_30,upperarm_cap_1_tilt_all_0,wrist_cap_2_tilt_all_10,32
596,111238.3535897173,flange_ring_tilt_all_-90,base_cap_tilt_all_-45,base_cap_tilt_all_0,upperarm_cap_2_tilt_all_0,32
597,111235.4849843258,flange_ring_tilt_all_-90,base_cap_tilt_all_-10,forearm_cap_2_tilt_all_15,upperarm_cap_1_tilt_all_0,32
598,111235.4256486526,flange_ring_tilt_all_-90,forearm_cap_2_tilt_all_0,upperarm_ring_tilt_all_0,upperarm_ring_tilt_all_60,32
599,111235.4256486526,flange_ring_tilt_all_-90,forearm_cap_2_tilt_all_0,upperarm_ring_tilt_all_60,upperarm_ring_x_-0.11,32
600,111232.1062037110,flange_ring_tilt_all_-90,forearm_cap_1_tilt_all_30,forearm_cap_2_tilt_all_10,upperarm_cap_2_tilt_all_-15,32
601,111231.8246317015,flange_ring_tilt_all_-90,base_cap_tilt_all_-15,forearm_cap_2_tilt_all_10,upperarm_cap_1_tilt_all_0,32
602,111229.0259479583,flange_ring_tilt_all_-90,forearm_cap_1_tilt_all_0,upperarm_ring_tilt_all_45,wrist_cap_1_tilt_all_-30,32
603,111221.5889720197,flange_ring_tilt_all_-90,forearm_cap_1_tilt_all_10,forearm_cap_2_tilt_all_0,upperarm_cap_1_tilt_all_0,32
604,111219.9575225776,flange_ring_tilt_all_-90,upperarm_cap_2_tilt_all_0,upperarm_ring_tilt_all_45,wrist_cap_2_tilt_all_15,32
605,111212.7726655746,flange_ring_tilt_all_-90,base_cap_tilt_all_-10,forearm_cap_2_tilt_all_10,upperarm_cap_2_tilt_all_-10,32
606,111212.2976349114,flange_ring_tilt_all_-90,forearm_cap_1_tilt_all_10,upperarm_cap_1_tilt_all_0,upperarm_ring_x_-0.41,32
607,111202.7559934082,flange_ring_tilt_all_-90,forearm_cap_1_tilt_all_0,upperarm_ring_tilt_all_60,upperarm_ring_x_-0.46,32
608,111190.7712402934,flange_ring_tilt_all_-90,forearm_cap_2_tilt_all_15,forearm_cap_2_tilt_all_45,upperarm_cap_1_tilt_all_0,32
609,111190.1107080328,flange_ring_tilt_all_-90,forearm_cap_1_tilt_all_10,upperarm_cap_1_tilt_all_-15,upperarm_ring_x_-0.46,32
610,111189.2760336812,flange_ring_tilt_all_-90,forearm_cap_1_tilt_all_10,upperarm_cap_1_tilt_all_-15,upperarm_ring_x_-0.31,32
611,111188.1349543565,flange_ring_tilt_all_-90,forearm_cap_1_tilt_all_0,forearm_cap_2_tilt_all_0,upperarm_cap_1_tilt_all_-15,32
612,111187.4870006633,flange_ring_tilt_all_-90,flange_ring_tilt_all_0,forearm_cap_1_tilt_all_15,upperarm_cap_2_tilt_all_-10,32
613,111176.1885939805,flange_ring_tilt_all_-90,forearm_cap_1_tilt_all_15,forearm_ring_x_-0.40,upperarm_cap_1_tilt_all_-10,32
614,111175.1898329498,flange_ring_tilt_all_-90,forearm_cap_1_tilt_all_15,upperarm_cap_2_tilt_all_-10,wrist_cap_2_tilt_all_0,32
615,111173.0463833052,flange_ring_tilt_all_-90,forearm_cap_1_tilt_all_15,forearm_ring_x_-0.35,upperarm_cap_1_tilt_all_0,32
616,111168.7716166200,flange_ring_tilt_all_-90,forearm_cap_1_tilt_all_10,upperarm_cap_2_tilt_all_0,wrist_cap_1_tilt_all_-30,32
617,111158.7958904531,flange_ring_tilt_all_-90,forearm_cap_2_tilt_all_0,upperarm_ring_tilt_all_60,upperarm_ring_x_-0.31,32
618,111157.3702030078,flange_ring_tilt_all_-90,forearm_cap_2_tilt_all_10,upperarm_cap_2_tilt_all_-10,upperarm_ring_tilt_all_30,32
619,111154.5345992794,flange_ring_tilt_all_-90,base_cap_tilt_all_-45,forearm_cap_2_tilt_all_15,upperarm_cap_1_tilt_all_-15,32
620,111154.0036022253,flange_ring_tilt_all_-90,forearm_cap_1_tilt_all_10,upperarm_cap_1_tilt_all_-15,wrist_cap_1_tilt_all_0,32
621,111151.4392426381,flange_ring_tilt_all_-90,forearm_cap_1_tilt_all_10,upperarm_cap_1_tilt_all_0,upperarm_ring_x_-0.31,32
622,111151.2178280511,flange_ring_tilt_all_-90,forearm_cap_2_tilt_all_10,forearm_cap_2_tilt_all_45,upperarm_cap_2_tilt_all_-15,32
623,111144.3954740710,flange_ring_tilt_all_-90,forearm_cap_2_tilt_all_15,upperarm_cap_1_tilt_all_0,upperarm_cap_2_tilt_all_-10,32
624,111143.9228701084,flange_ring_tilt_all_-90,forearm_cap_1_tilt_all_15,upperarm_cap_2_tilt_all_-15,wrist_cap_1_tilt_all_-15,32
625,111143.8801629465,flange_ring_tilt_all_-90,forearm_cap_2_tilt_all_15,upperarm_ring_tilt_all_10,upperarm_ring_tilt_all_60,32
626,111143.5787120953,flange_ring_tilt_all_-90,forearm_cap_2_tilt_all_15,upperarm_cap_2_tilt_all_-10,upperarm_ring_tilt_all_30,32
627,111135.6703895613,flange_ring_tilt_all_-90,base_cap_tilt_all_-30,forearm_cap_2_tilt_all_0,upperarm_cap_1_tilt_all_0,32
628,111129.8655884144,flange_ring_tilt_all_-90,flange_ring_tilt_all_0,forearm_cap_1_tilt_all_30,upperarm_cap_1_tilt_all_0,32
629,111126.5367723451,flange_ring_tilt_all_-90,base_cap_tilt_all_-60,forearm_cap_1_tilt_all_30,upperarm_cap_2_tilt_all_0,32
630,111120.2879129782,flange_ring_tilt_all_-90,forearm_cap_1_tilt_all_30,upperarm_cap_2_tilt_all_-15,upperarm_ring_tilt_all_45,32
631,111119.0483896582,flange_ring_tilt_all_-90,flange_ring_tilt_all_-10,forearm_cap_1_tilt_all_15,upperarm_cap_1_tilt_all_-15,32
632,111119.0244959427,flange_ring_tilt_all_-90,base_cap_tilt_all_-30,upperarm_cap_2_tilt_all_0,upperarm_ring_tilt_all_45,32
633,111108.2593707757,flange_ring_tilt_all_-90,forearm_cap_2_tilt_all_10,upperarm_cap_1_tilt_all_-15,upperarm_ring_tilt_all_30,32
634,111103.0329167878,flange_ring_tilt_all_-90,forearm_cap_1_tilt_all_10,forearm_ring_x_-0.30,upperarm_cap_1_tilt_all_0,32
635,111097.8040052586,flange_ring_tilt_all_-90,forearm_cap_2_tilt_all_15,upperarm_cap_1_tilt_all_-10,wrist_cap_2_tilt_all_0,32
636,111094.6873034384,flange_ring_tilt_all_-90,forearm_cap_1_tilt_all_15,upperarm_cap_1_tilt_all_-10,upperarm_ring_x_-0.16,32
637,111088.4220724233,flange_ring_tilt_all_-90,base_cap_tilt_all_-60,forearm_cap_2_tilt_all_15,upperarm_cap_2_tilt_all_0,32
638,111087.2037482419,flange_ring_tilt_all_-90,base_cap_tilt_all_-45,forearm_cap_2_tilt_all_0,upperarm_cap_1_tilt_all_-15,32
639,111086.3457554965,flange_ring_tilt_all_-90,base_cap_tilt_all_-60,forearm_cap_1_tilt_all_0,upperarm_cap_1_tilt_all_-10,32
640,111082.3182201064,flange_ring_tilt_all_-90,base_cap_tilt_all_-15,forearm_cap_2_tilt_all_15,upperarm_cap_1_tilt_all_-15,32
641,111078.5346940184,flange_ring_tilt_all_-90,forearm_cap_1_tilt_all_15,upperarm_cap_1_tilt_all_0,upperarm_ring_x_-0.21,32
642,111074.7957905976,flange_ring_tilt_all_-90,forearm_cap_1_tilt_all_15,upperarm_cap_1_tilt_all_-30,upperarm_cap_1_tilt_all_0,32
643,111073.6610375636,flange_ring_tilt_all_-90,base_cap_tilt_all_-60,forearm_cap_1_tilt_all_10,upperarm_cap_2_tilt_all_0,32
644,111072.7699436797,flange_ring_tilt_all_-90,forearm_cap_2_tilt_all_15,upperarm_cap_1_tilt_all_0,upperarm_cap_2_tilt_all_-15,32
645,111071.1736052621,flange_ring_tilt_all_-90,base_cap_tilt_all_-10,forearm_cap_2_tilt_all_10,upperarm_cap_1_tilt_all_-15,32
646,111064.5072219026,flange_ring_tilt_all_-90,forearm_cap_1_tilt_all_15,forearm_cap_2_tilt_all_15,upperarm_cap_2_tilt_all_-15,32
647,111062.5402040615,flange_ring_tilt_all_-90,forearm_cap_1_tilt_all_15,forearm_ring_x_-0.25,upperarm_cap_2_tilt_all_-10,32
648,111057.5480707155,flange_ring_tilt_all_-90,base_cap_tilt_all_-10,forearm_cap_2_tilt_all_10,upperarm_cap_2_tilt_all_-15,32
649,111057.4665090315,flange_ring_tilt_all_-90,forearm_cap_1_tilt_all_10,forearm_ring_x_-0.30,upperarm_cap_1_tilt_all_-15,32
650,111048.7405143550,flange_ring_tilt_all_-90,forearm_cap_1_tilt_all_10,upperarm_cap_1_tilt_all_0,upperarm_ring_x_-0.46,32
651,111046.5217472362,flange_ring_tilt_all_-90,forearm_cap_2_tilt_all_15,upperarm_cap_1_tilt_all_-15,upperarm_ring_tilt_all_60,32
652,111045.3397234388,flange_ring_tilt_all_-90,forearm_cap_1_tilt_all_10,upperarm_cap_2_tilt_all_-10,wrist_cap_1_tilt_all_-15,32
653,111023.2177297815,flange_ring_tilt_all_-90,base_cap_tilt_all_-15,upperarm_cap_2_tilt_all_0,upperarm_ring_tilt_all_60,32
654,111021.8356612213,flange_ring_tilt_all_-90,forearm_cap_2_tilt_all_30,upperarm_cap_1_tilt_all_0,wrist_cap_2_tilt_all_15,32
655,111019.3715560706,flange_ring_tilt_all_-90,forearm_cap_2_tilt_all_30,upperarm_cap_1_tilt_all_0,upperarm_cap_2_tilt_all_-15,32
656,111018.5174141140,flange_ring_tilt_all_-90,forearm_cap_1_tilt_all_15,upperarm_cap_1_tilt_all_-15,upperarm_cap_2_tilt_all_-10,32
657,111017.3587816518,flange_ring_tilt_all_-90,forearm_cap_2_tilt_all_15,forearm_cap_2_tilt_all_60,upperarm_cap_1_tilt_all_0,32
658,111012.1046575313,flange_ring_tilt_all_-90,forearm_cap_2_tilt_all_15,upperarm_cap_1_tilt_all_0,wrist_cap_2_tilt_all_0,32
659,111011.3143290754,flange_ring_tilt_all_-90,forearm_cap_1_tilt_all_10,upperarm_cap_1_tilt_all_0,upperarm_ring_tilt_all_10,32
660,111009.5816847581,flange_ring_tilt_all_-90,forearm_cap_1_tilt_all_30,upperarm_cap_1_tilt_all_0,wrist_cap_1_tilt_all_-30,32
661,111008.6613721622,flange_ring_tilt_all_-90,forearm_cap_1_tilt_all_10,upperarm_cap_1_tilt_all_-15,upperarm_ring_x_-0.51,32
662,111008.2474419126,flange_ring_tilt_all_-90,forearm_cap_1_tilt_all_15,forearm_ring,upperarm_cap_2_tilt_all_-10,32
663,111008.2474419126,flange_ring_tilt_all_-90,forearm_cap_1_tilt_all_15,forearm_ring_x_-0.10,upperarm_cap_2_tilt_all_-10,32
664,111008.2135818705,flange_ring_tilt_all_-90,forearm_cap_1_tilt_all_10,forearm_ring,upperarm_cap_1_tilt_all_-15,32
665,111008.2135818705,flange_ring_tilt_all_-90,forearm_cap_1_tilt_all_10,forearm_ring_x_-0.10,upperarm_cap_1_tilt_all_-15,32
666,111007.9621744210,flange_ring_tilt_all_-90,forearm_cap_1_tilt_all_15,forearm_cap_1_tilt_all_30,upperarm_cap_1_tilt_all_0,32
667,110998.3713079637,flange_ring_tilt_all_-90,base_cap_tilt_all_-45,forearm_cap_2_tilt_all_0,upperarm_cap_1_tilt_all_-10,32
668,110998.1656850205,flange_ring_tilt_all_-90,flange_ring_tilt_all_-10,forearm_cap_1_tilt_all_10,upperarm_cap_1_tilt_all_0,32
669,110990.9102670804,flange_ring_tilt_all_-90,forearm_cap_1_tilt_all_15,upperarm_cap_1_tilt_all_-15,wrist_cap_2_tilt_all_45,32
670,110990.6803264182,flange_ring_tilt_all_-90,forearm_cap_1_tilt_all_0,forearm_cap_2_tilt_all_15,upperarm_cap_2_tilt_all_-15,32
671,110989.0260416236,flange_ring_tilt_all_-90,forearm_cap_1_tilt_all_0,upperarm_cap_1_tilt_all_-30,upperarm_ring_tilt_all_45,32
672,110985.9888552673,flange_ring_tilt_all_-90,flange_ring_tilt_all_0,forearm_cap_1_tilt_all_0,upperarm_ring_tilt_all_60,32
673,110985.9436257667,flange_ring_tilt_all_-90,base_cap_tilt_all_0,forearm_cap_2_tilt_all_15,upperarm_cap_1_tilt_all_-10,32
674,110985.2635352058,flange_ring_tilt_all_-90,forearm_cap_1_tilt_all_10,upperarm_cap_1_tilt_all_0,wrist_cap_1_tilt_all_0,32
675,110980.6880004876,flange_ring_tilt_all_-90,forearm_cap_1_tilt_all_45,forearm_cap_2_tilt_all_0,upperarm_cap_1_tilt_all_0,32
676,110980.4217139302,flange_ring_tilt_all_-90,base_cap_tilt_all_-10,forearm_cap_2_tilt_all_15,upperarm_cap_2_tilt_all_-15,32
677,110979.5060288841,flange_ring_tilt_all_-90,forearm_cap_1_tilt_all_10,forearm_ring,upperarm_cap_1_tilt_all_0,32
678,110979.5060288841,flange_ring_tilt_all_-90,forearm_cap_1_tilt_all_10,forearm_ring_x_-0.10,upperarm_cap_1_tilt_all_0,32
679,110973.1330291821,flange_ring_tilt_all_-90,base_cap_tilt_all_0,forearm_cap_1_tilt_all_0,upperarm_cap_1_tilt_all_-10,32
680,110971.2300911960,flange_ring_tilt_all_-90,forearm_cap_1_tilt_all_15,upperarm_cap_1_tilt_all_-15,wrist_cap_1_tilt_all_-60,32
681,110965.5867634860,flange_ring_tilt_all_-90,base_cap_tilt_all_-45,forearm_cap_2_tilt_all_15,upperarm_cap_1_tilt_all_0,32
682,110964.2301565268,flange_ring_tilt_all_-90,flange_ring_tilt_all_0,forearm_cap_2_tilt_all_15,upperarm_cap_1_tilt_all_0,32
683,110962.5514338968,flange_ring_tilt_all_-90,forearm_cap_1_tilt_all_10,upperarm_cap_1_tilt_all_-15,upperarm_ring_tilt_all_10,32
684,110960.4465642407,flange_ring_tilt_all_-90,base_cap_tilt_all_-30,forearm_cap_2_tilt_all_0,upperarm_cap_2_tilt_all_0,32
685,110960.0789239001,flange_ring_tilt_all_-90,forearm_cap_1_tilt_all_15,upperarm_cap_2_tilt_all_-15,wrist_cap_1_tilt_all_-60,32
686,110958.8155710046,flange_ring_tilt_all_-90,forearm_cap_2_tilt_all_10,upperarm_cap_1_tilt_all_0,upperarm_ring_tilt_all_60,32
687,110954.9273008065,flange_ring_tilt_all_-90,forearm_cap_1_tilt_all_0,upperarm_ring_tilt_all_0,upperarm_ring_tilt_all_45,32
688,110954.9273008065,flange_ring_tilt_all_-90,forearm_cap_1_tilt_all_0,upperarm_ring_tilt_all_45,upperarm_ring_x_-0.11,32
689,110947.9932397669,flange_ring_tilt_all_-90,flange_ring_tilt_all_-15,forearm_cap_1_tilt_all_10,upperarm_cap_1_tilt_all_-10,32
690,110945.4160459495,flange_ring_tilt_all_-90,forearm_cap_1_tilt_all_15,forearm_ring_x_-0.15,upperarm_cap_1_tilt_all_-15,32
691,110945.2735294909,flange_ring_tilt_all_-90,forearm_cap_2_tilt_all_30,upperarm_cap_2_tilt_all_0,wrist_cap_1_tilt_all_-45,32
692,110937.2930575646,flange_ring_tilt_all_-90,base_cap_tilt_all_-45,forearm_cap_1_tilt_all_0,upperarm_cap_2_tilt_all_0,32
693,110934.8624384397,flange_ring_tilt_all_-90,forearm_cap_1_tilt_all_15,forearm_ring_x_-0.20,upperarm_cap_1_tilt_all_-15,32
694,110932.7159433813,flange_ring_tilt_all_-90,forearm_cap_1_tilt_all_15,upperarm_cap_1_tilt_all_-15,upperarm_ring_x_-0.41,32
695,110927.8954475057,flange_ring_tilt_all_-90,forearm_cap_2_tilt_all_15,upperarm_cap_1_tilt_all_-10,wrist_cap_2_tilt_all_10,32
696,110925.0103749692,flange_ring_tilt_all_-90,base_cap_tilt_all_-30,forearm_cap_1_tilt_all_0,upperarm_cap_2_tilt_all_0,32
697,110922.9707612668,flange_ring_tilt_all_-90,forearm_cap_1_tilt_all_10,upperarm_cap_1_tilt_all_-10,upperarm_ring_x_-0.16,32
698,110922.5481342059,flange_ring_tilt_all_-90,base_cap_tilt_all_-30,upperarm_cap_2_tilt_all_0,wrist_cap_2_tilt_all_30,32
699,110920.6591489454,flange_ring_tilt_all_-90,forearm_cap_1_tilt_all_15,upperarm_cap_2_tilt_all_0,wrist_cap_1_tilt_all_-15,32
700,110919.6196593357,flange_ring_tilt_all_-90,forearm_cap_1_tilt_all_10,upperarm_cap_2_tilt_all_-10,wrist_cap_2_tilt_all_15,32
701,110915.5226549749,flange_ring_tilt_all_-90,forearm_cap_1_tilt_all_10,upperarm_cap_1_tilt_all_0,wrist_cap_2_tilt_all_45,32
702,110904.7837977617,flange_ring_tilt_all_-90,forearm_cap_1_tilt_all_15,upperarm_cap_1_tilt_all_-15,upperarm_ring_x_-0.36,32
703,110903.9214019610,flange_ring_tilt_all_-90,forearm_cap_1_tilt_all_10,upperarm_cap_2_tilt_all_-15,wrist_cap_2_tilt_all_15,32
704,110903.1708093040,flange_ring_tilt_all_-90,forearm_cap_1_tilt_all_15,upperarm_cap_1_tilt_all_-30,upperarm_ring_tilt_all_60,32
705,110901.3447700411,flange_ring_tilt_all_-90,forearm_cap_2_tilt_all_45,upperarm_cap_2_tilt_all_0,upperarm_ring_tilt_all_45,32
706,110898.3028110766,flange_ring_tilt_all_-90,forearm_cap_1_tilt_all_15,upperarm_cap_1_tilt_all_-10,wrist_cap_2_tilt_all_60,32
707,110897.4849355033,flange_ring_tilt_all_-90,forearm_cap_1_tilt_all_10,upperarm_cap_1_tilt_all_0,upperarm_ring_x_-0.51,32
708,110896.8827642722,flange_ring_tilt_all_-90,forearm_cap_1_tilt_all_10,upperarm_cap_1_tilt_all_0,upperarm_ring_x_-0.26,32
709,110893.6821488342,flange_ring_tilt_all_-90,flange_ring_tilt_all_-10,forearm_cap_1_tilt_all_10,upperarm_cap_1_tilt_all_-15,32
710,110893.1177776113,flange_ring_tilt_all_-90,forearm_cap_1_tilt_all_10,upperarm_cap_1_tilt_all_0,upperarm_cap_2_tilt_all_-30,32
711,110889.1445442558,flange_ring_tilt_all_-90,forearm_cap_1_tilt_all_10,forearm_ring_x_-0.45,upperarm_cap_1_tilt_all_-10,32
712,110881.9016140357,flange_ring_tilt_all_-90,base_cap_tilt_all_-45,forearm_cap_2_tilt_all_10,upperarm_cap_1_tilt_all_0,32
713,110881.6896582746,flange_ring_tilt_all_-90,forearm_cap_1_tilt_all_0,forearm_cap_2_tilt_all_45,upperarm_cap_2_tilt_all_-15,32
714,110880.8435984553,flange_ring_tilt_all_-90,forearm_cap_1_tilt_all_15,upperarm_cap_2_tilt_all_-15,wrist_cap_2_tilt_all_0,32
715,110878.8160153385,flange_ring_tilt_all_-90,forearm_cap_1_tilt_all_10,upperarm_cap_1_tilt_all_-15,upperarm_ring_x_-0.26,32
716,110876.2470256159,flange_ring_tilt_all_-90,forearm_cap_2_tilt_all_10,upperarm_ring_tilt_all_60,upperarm_ring_x_-0.26,32
717,110873.2626138701,flange_ring_tilt_all_-90,forearm_cap_1_tilt_all_15,upperarm_ring_tilt_all_60,upperarm_ring_x_-0.36,32
718,110871.0861945585,flange_ring_tilt_all_-90,forearm_cap_1_tilt_all_10,forearm_ring_x_-0.15,upperarm_cap_2_tilt_all_-10,32
719,110868.0139958152,flange_ring_tilt_all_-90,forearm_cap_1_tilt_all_10,forearm_ring_x_-0.20,upperarm_cap_2_tilt_all_-10,32
720,110862.9655416399,flange_ring_tilt_all_-90,forearm_cap_1_tilt_all_10,forearm_cap_2_tilt_all_0,upperarm_cap_2_tilt_all_-10,32
721,110860.2799724116,flange_ring_tilt_all_-90,forearm_cap_1_tilt_all_0,forearm_cap_1_tilt_all_15,upperarm_cap_1_tilt_all_-10,32
722,110860.1838932297,flange_ring_tilt_all_-90,forearm_cap_1_tilt_all_0,forearm_cap_2_tilt_all_10,upperarm_cap_1_tilt_all_0,32
723,110859.3759475044,flange_ring_tilt_all_-90,flange_ring_tilt_all_-10,forearm_cap_2_tilt_all_15,upperarm_cap_1_tilt_all_0,32
724,110852.4901351469,flange_ring_tilt_all_-90,upperarm_cap_2_tilt_all_0,upperarm_ring_tilt_all_45,wrist_cap_2_tilt_all_10,32
725,110850.8204800750,flange_ring_tilt_all_-90,base_cap_tilt_all_-10,forearm_cap_2_tilt_all_15,upperarm_cap_1_tilt_all_-15,32
726,110850.0236726707,flange_ring_tilt_all_-90,forearm_cap_1_tilt_all_30,upperarm_cap_2_tilt_all_0,wrist_cap_1_tilt_all_-15,32
727,110848.4021916111,flange_ring_tilt_all_-90,flange_ring_tilt_all_0,forearm_cap_1_tilt_all_10,upperarm_ring_tilt_all_60,32
728,110842.2385235867,flange_ring_tilt_all_-90,base_cap_tilt_all_-60,forearm_cap_1_tilt_all_0,upperarm_cap_2_tilt_all_-15,32
729,110840.5431610912,flange_ring_tilt_all_-90,forearm_cap_1_tilt_all_30,upperarm_cap_1_tilt_all_0,wrist_cap_2_tilt_all_30,32
730,110839.5265056357,flange_ring_tilt_all_-90,base_cap_tilt_all_-10,forearm_cap_2_tilt_all_10,upperarm_cap_1_tilt_all_0,32
731,110837.6624906880,flange_ring_tilt_all_-90,forearm_cap_1_tilt_all_0,forearm_cap_2_tilt_all_0,upperarm_cap_1_tilt_all_-10,32
732,110834.0414751559,flange_ring_tilt_all_-90,base_cap_tilt_all_0,forearm_cap_1_tilt_all_0,upperarm_cap_1_tilt_all_-15,32
733,110833.6179711089,flange_ring_tilt_all_-90,forearm_cap_1_tilt_all_10,upperarm_cap_1_tilt_all_-15,wrist_cap_1_tilt_all_-60,32
734,110829.0025018426,flange_ring_tilt_all_-90,forearm_cap_2_tilt_all_15,upperarm_ring_tilt_all_60,upperarm_ring_x_-0.16,32
735,110816.3130448990,flange_ring_tilt_all_-90,forearm_cap_1_tilt_all_10,upperarm_cap_2_tilt_all_-15,wrist_cap_2_tilt_all_10,32
736,110815.5614460170,flange_ring_tilt_all_-90,forearm_cap_1_tilt_all_10,forearm_ring_x_-0.35,upperarm_cap_1_tilt_all_0,32
737,110813.9766232754,flange_ring_tilt_all_-90,forearm_cap_1_tilt_all_10,forearm_ring_x_-0.35,upperarm_cap_1_tilt_all_-15,32
738,110812.5738395588,flange_ring_tilt_all_-90,forearm_cap_2_tilt_all_30,upperarm_cap_1_tilt_all_-15,upperarm_cap_2_tilt_all_0,32
739,110807.6252068123,flange_ring_tilt_all_-90,forearm_cap_1_tilt_all_15,upperarm_cap_1_tilt_all_-15,upperarm_ring_x_-0.31,32
740,110807.5939226657,flange_ring_tilt_all_-90,base_cap_tilt_all_0,forearm_cap_2_tilt_all_10,upperarm_cap_1_tilt_all_-10,32
741,110805.7855721170,flange_ring_tilt_all_-90,forearm_cap_1_tilt_all_10,upperarm_cap_2_tilt_all_-10,wrist_cap_2_tilt_all_10,32
742,110805.0778515253,flange_ring_tilt_all_-90,flange_ring_tilt_all_0,forearm_cap_2_tilt_all_15,upperarm_cap_1_tilt_all_-10,32
743,110804.6309402438,flange_ring_tilt_all_-90,forearm_cap_1_tilt_all_15,upperarm_cap_1_tilt_all_-45,upperarm_cap_1_tilt_all_0,32
744,110804.6037781962,flange_ring_tilt_all_-90,flange_ring_tilt_all_0,forearm_cap_1_tilt_all_15,upperarm_cap_2_tilt_all_-15,32
745,110800.6183145036,flange_ring_tilt_all_-90,forearm_cap_2_tilt_all_15,upperarm_ring_tilt_all_60,upperarm_ring_x_-0.21,32
746,110800.3655959639,flange_ring_tilt_all_-90,forearm_cap_2_tilt_all_15,upperarm_cap_2_tilt_all_0,upperarm_ring_tilt_all_30,32
747,110799.8351536919,flange_ring_tilt_all_-90,forearm_cap_1_tilt_all_15,upperarm_cap_2_tilt_all_-15,wrist_cap_2_tilt_all_30,32
748,110797.1267857054,flange_ring_tilt_all_-90,forearm_cap_1_tilt_all_10,upperarm_cap_2_tilt_all_-15,wrist_cap_1_tilt_all_-15,32
749,110796.6517594471,flange_ring_tilt_all_-90,forearm_cap_1_tilt_all_15,forearm_ring_x_-0.40,upperarm_cap_1_tilt_all_0,32
750,110790.5774654343,flange_ring_tilt_all_-90,forearm_cap_1_tilt_all_15,upperarm_cap_1_tilt_all_-15,upperarm_ring_x_-0.46,32
751,110786.5315114113,flange_ring_tilt_all_-90,upperarm_cap_2_tilt_all_0,upperarm_ring_tilt_all_45,wrist_cap_2_tilt_all_45,32
752,110785.5800073630,flange_ring_tilt_all_-90,forearm_cap_2_tilt_all_15,upperarm_cap_1_tilt_all_0,wrist_cap_2_tilt_all_10,32
753,110777.6335870946,flange_ring_tilt_all_-90,base_cap_tilt_all_-30,forearm_cap_1_tilt_all_15,upperarm_ring_tilt_all_60,32
754,110774.2624196052,flange_ring_tilt_all_-90,forearm_cap_2_tilt_all_0,upperarm_cap_1_tilt_all_0,upperarm_ring_tilt_all_30,32
755,110772.5967933991,flange_ring_tilt_all_-90,forearm_cap_1_tilt_all_15,forearm_ring_x_-0.25,upperarm_cap_1_tilt_all_-15,32
756,110770.9058731057,flange_ring_tilt_all_-90,flange_ring_tilt_all_0,forearm_cap_2_tilt_all_30,upperarm_cap_1_tilt_all_0,32
757,110769.0661998188,flange_ring_tilt_all_-90,forearm_cap_1_tilt_all_10,upperarm_cap_1_tilt_all_0,upperarm_cap_2_tilt_all_-15,32
758,110765.7045195327,flange_ring_tilt_all_-90,base_cap_tilt_all_-30,forearm_cap_1_tilt_all_0,upperarm_ring_tilt_all_45,32
759,110763.8066320279,flange_ring_tilt_all_-90,base_cap_tilt_all_-10,forearm_cap_1_tilt_all_0,upperarm_cap_1_tilt_all_0,32
760,110752.4683145874,flange_ring_tilt_all_-90,forearm_cap_2_tilt_all_10,forearm_cap_2_tilt_all_60,upperarm_cap_2_tilt_all_-10,32
761,110751.8425357083,flange_ring_tilt_all_-90,forearm_cap_1_tilt_all_30,upperarm_cap_1_tilt_all_0,upperarm_ring_tilt_all_45,32
762,110751.3317250749,flange_ring_tilt_all_-90,forearm_cap_1_tilt_all_45,forearm_cap_2_tilt_all_10,upperarm_cap_1_tilt_all_-15,32
763,110745.6844772275,flange_ring_tilt_all_-90,upperarm_cap_2_tilt_all_0,upperarm_ring_tilt_all_60,wrist_cap_2_tilt_all_30,32
764,110744.9890591025,flange_ring_tilt_all_-90,forearm_cap_2_tilt_all_0,forearm_cap_2_tilt_all_60,upperarm_cap_1_tilt_all_-10,32
765,110744.1517622892,flange_ring_tilt_all_-90,forearm_cap_2_tilt_all_15,upperarm_cap_1_tilt_all_-10,wrist_cap_2_tilt_all_15,32
766,110741.2657122152,flange_ring_tilt_all_-90,forearm_cap_1_tilt_all_0,upperarm_ring_tilt_all_60,wrist_cap_1_tilt_all_-10,32
767,110736.9809189308,flange_ring_tilt_all_-90,forearm_cap_1_tilt_all_10,forearm_cap_2_tilt_all_60,upperarm_cap_1_tilt_all_-10,32
768,110735.4776878891,flange_ring_tilt_all_-90,forearm_cap_1_tilt_all_10,upperarm_cap_2_tilt_all_-10,wrist_cap_2_tilt_all_30,32
769,110734.6000182200,flange_ring_tilt_all_-90,forearm_cap_1_tilt_all_0,upperarm_ring_tilt_all_45,upperarm_ring_x_-0.16,32
770,110732.1298926820,flange_ring_tilt_all_-90,forearm_cap_1_tilt_all_15,forearm_ring_x_-0.45,upperarm_cap_1_tilt_all_-10,32
771,110728.3827980965,flange_ring_tilt_all_-90,flange_ring_tilt_all_-10,forearm_cap_1_tilt_all_10,upperarm_ring_tilt_all_60,32
772,110726.8681726705,flange_ring_tilt_all_-90,forearm_cap_1_tilt_all_0,upperarm_ring_tilt_all_60,wrist_cap_1_tilt_all_-15,32
773,110713.8089234726,flange_ring_tilt_all_-90,forearm_cap_1_tilt_all_15,upperarm_cap_2_tilt_all_-15,wrist_cap_1_tilt_all_-10,32
774,110705.5037529052,flange_ring_tilt_all_-90,upperarm_cap_2_tilt_all_0,upperarm_ring_tilt_all_60,upperarm_ring_x_-0.31,32
775,110700.3541430371,flange_ring_tilt_all_-90,forearm_cap_2_tilt_all_15,upperarm_cap_1_tilt_all_-10,upperarm_cap_2_tilt_all_0,32
776,110698.7145167333,flange_ring_tilt_all_-90,base_cap_tilt_all_-45,upperarm_cap_2_tilt_all_0,wrist_cap_2_tilt_all_30,32
777,110691.0365313307,flange_ring_tilt_all_-90,forearm_cap_1_tilt_all_45,forearm_cap_2_tilt_all_10,upperarm_cap_1_tilt_all_0,32
778,110690.9463742921,flange_ring_tilt_all_-90,base_cap_tilt_all_-60,forearm_cap_2_tilt_all_30,upperarm_cap_2_tilt_all_0,32
779,110676.9843932980,flange_ring_tilt_all_-90,base_cap_tilt_all_0,forearm_cap_2_tilt_all_15,upperarm_cap_2_tilt_all_-10,32
780,110667.4949022552,flange_ring_tilt_all_-90,flange_ring_tilt_all_-10,forearm_cap_1_tilt_all_0,upperarm_ring_tilt_all_60,32
781,110658.6656907681,flange_ring_tilt_all_-90,forearm_cap_1_tilt_all_0,forearm_cap_1_tilt_all_15,upperarm_cap_1_tilt_all_-15,32
782,110657.1429994712,flange_ring_tilt_all_-90,forearm_cap_1_tilt_all_10,upperarm_ring_tilt_all_60,wrist_cap_2_tilt_all_0,32
783,110650.3138627548,flange_ring_tilt_all_-90,base_cap_tilt_all_-30,forearm_cap_2_tilt_all_0,upperarm_ring_tilt_all_60,32
784,110648.9693247904,flange_ring_tilt_all_-90,base_cap_tilt_all_-15,forearm_cap_2_tilt_all_15,upperarm_cap_2_tilt_all_0,32
785,110645.6917849517,flange_ring_tilt_all_-90,forearm_cap_1_tilt_all_45,forearm_cap_2_tilt_all_15,upperarm_cap_1_tilt_all_-10,32
786,110644.6882547670,flange_ring_tilt_all_-90,forearm_cap_1_tilt_all_15,forearm_ring_x_-0.20,upperarm_cap_2_tilt_all_-15,32
787,110640.8949059980,flange_ring_tilt_all_-90,base_cap_tilt_all_-15,forearm_cap_1_tilt_all_15,upperarm_cap_2_tilt_all_0,32
788,110634.7321140892,flange_ring_tilt_all_-90,forearm_cap_1_tilt_all_15,forearm_ring_x_-0.15,upperarm_cap_2_tilt_all_-15,32
789,110633.0653111406,flange_ring_tilt_all_-90,forearm_cap_1_tilt_all_15,upperarm_cap_1_tilt_all_-15,upperarm_ring_tilt_all_10,32
790,110622.3317145640,flange_ring_tilt_all_-90,forearm_cap_1_tilt_all_15,upperarm_cap_1_tilt_all_0,upperarm_ring_x_-0.16,32
791,110620.1942271141,flange_ring_tilt_all_-90,forearm_cap_1_tilt_all_15,forearm_ring,upperarm_cap_1_tilt_all_-15,32
792,110620.1942271141,flange_ring_tilt_all_-90,forearm_cap_1_tilt_all_15,forearm_ring_x_-0.10,upperarm_cap_1_tilt_all_-15,32
793,110619.9062541255,flange_ring_tilt_all_-90,base_cap_tilt_all_-15,forearm_cap_1_tilt_all_0,upperarm_cap_2_tilt_all_-15,32
794,110612.8971338959,flange_ring_tilt_all_-90,forearm_cap_2_tilt_all_15,upperarm_cap_1_tilt_all_-15,upperarm_ring_tilt_all_30,32
795,110604.5130550553,flange_ring_tilt_all_-90,forearm_cap_2_tilt_all_10,forearm_cap_2_tilt_all_30,upperarm_cap_1_tilt_all_-15,32
796,110600.2579640955,flange_ring_tilt_all_-90,forearm_cap_1_tilt_all_10,upperarm_cap_2_tilt_all_-15,wrist_cap_2_tilt_all_30,32
797,110598.0227728988,flange_ring_tilt_all_-90,forearm_cap_2_tilt_all_10,upperarm_ring_tilt_all_0,upperarm_ring_tilt_all_60,32
798,110598.0227728988,flange_ring_tilt_all_-90,forearm_cap_2_tilt_all_10,upperarm_ring_tilt_all_60,upperarm_ring_x_-0.11,32
799,110597.8995164500,flange_ring_tilt_all_-90,forearm_cap_2_tilt_all_15,upperarm_cap_1_tilt_all_0,wrist_cap_2_tilt_all_15,32
800,110596.0190077261,flange_ring_tilt_all_-90,forearm_cap_2_tilt_all_15,upperarm_ring_tilt_all_15,upperarm_ring_tilt_all_60,32
801,110582.6894362052,flange_ring_tilt_all_-90,forearm_cap_1_tilt_all_10,upperarm_cap_1_tilt_all_-10,wrist_cap_2_tilt_all_60,32
802,110578.1206442743,flange_ring_tilt_all_-90,forearm_cap_1_tilt_all_15,upperarm_cap_1_tilt_all_-15,upperarm_ring_x_-0.51,32
803,110575.2093872313,flange_ring_tilt_all_-90,base_cap_tilt_all_-45,forearm_cap_2_tilt_all_0,upperarm_cap_2_tilt_all_0,32
804,110574.9904344356,flange_ring_tilt_all_-90,forearm_cap_1_tilt_all_0,upperarm_ring_tilt_all_45,wrist_cap_2_tilt_all_0,32
805,110569.8731890296,flange_ring_tilt_all_-90,forearm_cap_1_tilt_all_30,upperarm_cap_1_tilt_all_0,upperarm_ring_tilt_all_30,32
806,110569.2010094315,flange_ring_tilt_all_-90,base_cap_tilt_all_0,forearm_cap_1_tilt_all_15,upperarm_cap_2_tilt_all_-10,32
807,110566.3677683604,flange_ring_tilt_all_-90,base_cap_tilt_all_0,forearm_cap_1_tilt_all_10,upperarm_cap_2_tilt_all_-15,32
808,110563.6296392416,flange_ring_tilt_all_-90,forearm_cap_1_tilt_all_10,upperarm_cap_2_tilt_all_-10,wrist_cap_1_tilt_all_-10,32
809,110561.5858971298,flange_ring_tilt_all_-90,forearm_cap_1_tilt_all_10,upperarm_cap_1_tilt_all_0,upperarm_ring_x_-0.21,32
810,110553.3394655139,flange_ring_tilt_all_-90,forearm_cap_1_tilt_all_10,upperarm_cap_1_tilt_all_-15,upperarm_ring_x_-0.21,32
811,110551.1796181572,flange_ring_tilt_all_-90,forearm_cap_1_tilt_all_10,upperarm_cap_1_tilt_all_0,upperarm_cap_2_tilt_all_-10,32
812,110550.7025611787,flange_ring_tilt_all_-90,forearm_cap_1_tilt_all_10,forearm_ring_x_-0.15,upperarm_cap_2_tilt_all_-15,32
813,110545.8580954465,flange_ring_tilt_all_-90,forearm_cap_1_tilt_all_15,forearm_ring_x_-0.30,upperarm_cap_1_tilt_all_-15,32
814,110543.6913201649,flange_ring_tilt_all_-90,forearm_cap_1_tilt_all_30,upperarm_cap_1_tilt_all_-10,wrist_cap_2_tilt_all_10,32
815,110535.8307849504,flange_ring_tilt_all_-90,forearm_cap_1_tilt_all_15,upperarm_cap_1_tilt_all_-15,upperarm_ring_x_-0.26,32
816,110534.1128784747,flange_ring_tilt_all_-90,forearm_cap_2_tilt_all_30,upperarm_cap_2_tilt_all_-15,upperarm_ring_tilt_all_45,32
817,110533.5451447064,flange_ring_tilt_all_-90,base_cap_tilt_all_-60,forearm_cap_2_tilt_all_15,upperarm_cap_1_tilt_all_-10,32
818,110533.2721876465,flange_ring_tilt_all_-90,forearm_cap_1_tilt_all_30,upperarm_cap_2_tilt_all_0,wrist_cap_1_tilt_all_-10,32
819,110532.0350942750,flange_ring_tilt_all_-90,base_cap_tilt_all_-10,upperarm_cap_2_tilt_all_0,upperarm_ring_tilt_all_60,32
820,110530.9871804366,flange_ring_tilt_all_-90,forearm_cap_1_tilt_all_15,upperarm_ring_tilt_all_30,upperarm_ring_tilt_all_60,32
821,110526.0116942139,flange_ring_tilt_all_-90,flange_ring_tilt_all_-15,forearm_cap_1_tilt_all_10,upperarm_cap_1_tilt_all_0,32
822,110521.9059705906,flange_ring_tilt_all_-90,flange_ring_tilt_all_-10,forearm_cap_1_tilt_all_10,upperarm_ring_tilt_all_45,32
823,110518.9602348229,flange_ring_tilt_all_-90,flange_ring_tilt_all_-15,forearm_cap_1_tilt_all_10,upperarm_ring_tilt_all_60,32
824,110515.1650719033,flange_ring_tilt_all_-90,forearm_cap_1_tilt_all_0,upperarm_ring_tilt_all_60,wrist_cap_1_tilt_all_0,32
825,110508.4718946334,flange_ring_tilt_all_-90,forearm_cap_1_tilt_all_10,forearm_ring_x_-0.20,upperarm_cap_2_tilt_all_-15,32
826,110495.5904505936,flange_ring_tilt_all_-90,flange_ring_tilt_all_-15,forearm_cap_2_tilt_all_15,upperarm_cap_1_tilt_all_0,32
827,110492.1635521984,flange_ring_tilt_all_-90,flange_ring_tilt_all_-15,forearm_cap_1_tilt_all_0,upperarm_ring_tilt_all_60,32
828,110490.7473861912,flange_ring_tilt_all_-90,forearm_cap_1_tilt_all_15,upperarm_cap_1_tilt_all_-10,upperarm_cap_2_tilt_all_-30,32
829,110489.9503458778,flange_ring_tilt_all_-90,forearm_cap_1_tilt_all_10,forearm_ring_x_-0.25,upperarm_cap_2_tilt_all_-10,32
830,110486.2360259110,flange_ring_tilt_all_-90,flange_ring_tilt_all_-10,forearm_cap_2_tilt_all_15,upperarm_cap_1_tilt_all_-10,32
831,110482.2252860147,flange_ring_tilt_all_-90,base_cap_tilt_all_-30,upperarm_cap_2_tilt_all_0,wrist_cap_2_tilt_all_15,32
832,110481.3934756874,flange_ring_tilt_all_-90,forearm_cap_2_tilt_all_15,upperarm_cap_1_tilt_all_0,upperarm_cap_2_tilt_all_0,32
833,110480.6837521135,flange_ring_tilt_all_-90,forearm_cap_1_tilt_all_15,upperarm_cap_2_tilt_all_0,wrist_cap_1_tilt_all_-10,32
834,110480.2717041770,flange_ring_tilt_all_-90,forearm_cap_1_tilt_all_15,upperarm_cap_2_tilt_all_-10,wrist_cap_1_tilt_all_0,32
835,110479.4195513913,flange_ring_tilt_all_-90,forearm_cap_1_tilt_all_10,forearm_ring_x_-0.40,upperarm_cap_1_tilt_all_0,32
836,110477.1293863587,flange_ring_tilt_all_-90,forearm_cap_1_tilt_all_30,upperarm_cap_1_tilt_all_-10,wrist_cap_2_tilt_all_15,32
837,110475.0424446644,flange_ring_tilt_all_-90,forearm_cap_1_tilt_all_10,forearm_ring_x_-0.40,upperarm_cap_1_tilt_all_-15,32
838,110471.7001437199,flange_ring_tilt_all_-90,forearm_cap_1_tilt_all_15,upperarm_cap_1_tilt_all_-10,upperarm_ring_tilt_all_0,32
839,110471.7001437199,flange_ring_tilt_all_-90,forearm_cap_1_tilt_all_15,upperarm_cap_1_tilt_all_-10,upperarm_ring_x_-0.11,32
840,110469.9196861923,flange_ring_tilt_all_-90,flange_ring_tilt_all_-15,forearm_cap_1_tilt_all_15,upperarm_cap_1_tilt_all_-15,32
841,110463.8247031312,flange_ring_tilt_all_-90,forearm_cap_1_tilt_all_30,upperarm_cap_1_tilt_all_0,wrist_cap_1_tilt_all_-15,32
842,110461.3057774196,flange_ring_tilt_all_-90,forearm_cap_1_tilt_all_10,upperarm_cap_1_tilt_all_0,wrist_cap_1_tilt_all_-60,32
843,110460.9373518933,flange_ring_tilt_all_-90,forearm_cap_2_tilt_all_15,upperarm_cap_1_tilt_all_-10,wrist_cap_2_tilt_all_30,32
844,110448.6362782189,flange_ring_tilt_all_-90,base_cap_tilt_all_-60,forearm_cap_2_tilt_all_10,upperarm_cap_1_tilt_all_-10,32
845,110447.9823655427,flange_ring_tilt_all_-90,forearm_cap_1_tilt_all_15,forearm_cap_1_tilt_all_30,upperarm_cap_1_tilt_all_-15,32
846,110441.3255778971,flange_ring_tilt_all_-90,forearm_cap_1_tilt_all_30,upperarm_cap_1_tilt_all_-10,wrist_cap_2_tilt_all_0,32
847,110434.7828217054,flange_ring_tilt_all_-90,forearm_cap_1_tilt_all_10,forearm_ring,upperarm_cap_2_tilt_all_-10,32
848,110434.7828217054,flange_ring_tilt_all_-90,forearm_cap_1_tilt_all_10,forearm_ring_x_-0.10,upperarm_cap_2_tilt_all_-10,32
849,110433.0779083895,flange_ring_tilt_all_-90,forearm_cap_2_tilt_all_10,upperarm_cap_2_tilt_all_-15,upperarm_ring_tilt_all_30,32
850,110423.0591951667,flange_ring_tilt_all_-90,forearm_cap_1_tilt_all_30,upperarm_cap_1_tilt_all_0,wrist_cap_1_tilt_all_-10,32
851,110421.9379394847,flange_ring_tilt_all_-90,upperarm_cap_2_tilt_all_0,upperarm_ring_tilt_all_0,upperarm_ring_tilt_all_45,32
852,110421.9379394847,flange_ring_tilt_all_-90,upperarm_cap_2_tilt_all_0,upperarm_ring_tilt_all_45,upperarm_ring_x_-0.11,32
853,110421.4915370794,flange_ring_tilt_all_-90,forearm_cap_2_tilt_all_0,forearm_cap_2_tilt_all_60,upperarm_cap_1_tilt_all_-15,32
854,110420.4989886382,flange_ring_tilt_all_-90,forearm_cap_2_tilt_all_15,upperarm_cap_1_tilt_all_-10,upperarm_cap_2_tilt_all_-10,32
855,110416.1641923737,flange_ring_tilt_all_-90,forearm_cap_1_tilt_all_15,upperarm_cap_1_tilt_all_-30,upperarm_cap_2_tilt_all_0,32
856,110416.1636646709,flange_ring_tilt_all_-90,forearm_cap_1_tilt_all_0,upperarm_cap_1_tilt_all_-10,wrist_cap_2_tilt_all_30,32
857,110414.2942345940,flange_ring_tilt_all_-90,forearm_cap_2_tilt_all_15,upperarm_cap_1_tilt_all_-15,upperarm_cap_2_tilt_all_0,32
858,110411.1452473641,flange_ring_tilt_all_-90,flange_ring_tilt_all_0,forearm_cap_1_tilt_all_10,upperarm_ring_tilt_all_45,32
859,110409.9875148224,flange_ring_tilt_all_-90,forearm_cap_1_tilt_all_0,upperarm_ring_tilt_all_60,wrist_cap_1_tilt_all_-30,32
860,110409.5200423763,flange_ring_tilt_all_-90,forearm_cap_2_tilt_all_0,upperarm_ring_tilt_all_60,upperarm_ring_x_-0.36,32
861,110403.5543694335,flange_ring_tilt_all_-90,upperarm_cap_2_tilt_all_0,upperarm_ring_tilt_all_45,upperarm_ring_x_-0.16,32
862,110401.7480608447,flange_ring_tilt_all_-90,forearm_cap_1_tilt_all_30,forearm_cap_2_tilt_all_15,upperarm_cap_1_tilt_all_-15,32
863,110395.7917470609,flange_ring_tilt_all_-90,forearm_cap_1_tilt_all_30,upperarm_cap_2_tilt_all_-10,wrist_cap_1_tilt_all_-30,32
864,110385.9647560339,flange_ring_tilt_all_-90,forearm_cap_1_tilt_all_0,upperarm_cap_1_tilt_all_-10,wrist_cap_2_tilt_all_15,32
865,110385.3015421728,flange_ring_tilt_all_-90,base_cap_tilt_all_0,forearm_cap_1_tilt_all_15,upperarm_cap_2_tilt_all_-15,32
866,110381.0777166602,flange_ring_tilt_all_-90,base_cap_tilt_all_0,forearm_cap_1_tilt_all_0,upperarm_ring_tilt_all_60,32
867,110381.0232655400,flange_ring_tilt_all_-90,forearm_cap_1_tilt_all_10,forearm_cap_1_tilt_all_60,upperarm_cap_2_tilt_all_-15,32
868,110380.8495296434,flange_ring_tilt_all_-90,flange_ring_tilt_all_-10,forearm_cap_1_tilt_all_30,upperarm_cap_1_tilt_all_0,32
869,110378.0213249117,flange_ring_tilt_all_-90,forearm_cap_1_tilt_all_15,upperarm_cap_1_tilt_all_-15,upperarm_cap_2_tilt_all_-15,32
870,110373.5623586580,flange_ring_tilt_all_-90,base_cap_tilt_all_0,forearm_cap_1_tilt_all_10,upperarm_cap_2_tilt_all_-10,32
871,110370.5558354193,flange_ring_tilt_all_-90,forearm_cap_1_tilt_all_10,upperarm_cap_2_tilt_all_-10,wrist_cap_2_tilt_all_0,32
872,110370.4436260162,flange_ring_tilt_all_-90,forearm_cap_1_tilt_all_15,forearm_ring_x_-0.30,upperarm_cap_2_tilt_all_-10,32
873,110369.6173677550,flange_ring_tilt_all_-90,forearm_cap_2_tilt_all_0,upperarm_cap_1_tilt_all_-10,upperarm_ring_tilt_all_30,32
874,110366.7230056672,flange_ring_tilt_all_-90,forearm_cap_1_tilt_all_0,upperarm_ring_tilt_all_60,upperarm_ring_x_-0.51,32
875,110366.2447722808,flange_ring_tilt_all_-90,forearm_cap_1_tilt_all_10,forearm_cap_1_tilt_all_60,upperarm_cap_2_tilt_all_-10,32
876,110358.5857887705,flange_ring_tilt_all_-90,flange_ring_tilt_all_-15,forearm_cap_1_tilt_all_10,upperarm_ring_tilt_all_45,32
877,110356.5974132647,flange_ring_tilt_all_-90,forearm_cap_1_tilt_all_15,upperarm_cap_1_tilt_all_0,upperarm_cap_2_tilt_all_-45,32
878,110355.5306354936,flange_ring_tilt_all_-90,base_cap_tilt_all_-60,forearm_cap_1_tilt_all_0,upperarm_cap_2_tilt_all_-10,32
879,110352.3247496032,flange_ring_tilt_all_-90,forearm_cap_1_tilt_all_15,forearm_ring_x_-0.45,upperarm_cap_1_tilt_all_0,32
880,110351.4637503030,flange_ring_tilt_all_-90,forearm_cap_1_tilt_all_10,upperarm_cap_1_tilt_all_-10,upperarm_cap_2_tilt_all_-10,32
881,110346.2869323695,flange_ring_tilt_all_-90,base_cap_tilt_all_-15,forearm_cap_2_tilt_all_0,upperarm_cap_1_tilt_all_-10,32
882,110344.1936707465,flange_ring_tilt_all_-90,forearm_cap_1_tilt_all_0,forearm_cap_2_tilt_all_10,upperarm_cap_2_tilt_all_-15,32
883,110343.9843901147,flange_ring_tilt_all_-90,forearm_cap_1_tilt_all_10,upperarm_cap_2_tilt_all_-15,wrist_cap_2_tilt_all_0,32
884,110337.5387372538,flange_ring_tilt_all_-90,upperarm_cap_2_tilt_all_0,upperarm_ring_tilt_all_45,wrist_cap_1_tilt_all_-30,32
885,110336.3129866806,flange_ring_tilt_all_-90,forearm_cap_2_tilt_all_10,upperarm_cap_2_tilt_all_0,upperarm_ring_tilt_all_30,32
886,110332.4030455488,flange_ring_tilt_all_-90,forearm_cap_1_tilt_all_10,upperarm_cap_2_tilt_all_-15,wrist_cap_1_tilt_all_-10,32
887,110332.2215880241,flange_ring_tilt_all_-90,forearm_cap_1_tilt_all_10,upperarm_cap_2_tilt_all_-15,wrist_cap_1_tilt_all_-60,32
888,110327.6694602773,flange_ring_tilt_all_-90,forearm_cap_2_tilt_all_15,upperarm_cap_1_tilt_all_0,wrist_cap_2_tilt_all_30,32
889,110325.5299975288,flange_ring_tilt_all_-90,base_cap_tilt_all_-30,upperarm_cap_2_tilt_all_0,wrist_cap_2_tilt_all_10,32
890,110323.0531663831,flange_ring_tilt_all_-90,forearm_cap_2_tilt_all_30,upperarm_cap_1_tilt_all_0,wrist_cap_1_tilt_all_-30,32
891,110313.9910399431,flange_ring_tilt_all_-90,base_cap_tilt_all_-60,forearm_cap_2_tilt_all_10,upperarm_cap_2_tilt_all_0,32
892,110312.0842971077,flange_ring_tilt_all_-90,forearm_cap_1_tilt_all_10,upperarm_cap_2_tilt_all_-10,wrist_cap_1_tilt_all_-60,32
893,110308.6497923015,flange_ring_tilt_all_-90,upperarm_cap_2_tilt_all_0,upperarm_ring_tilt_all_0,upperarm_ring_tilt_all_60,32
894,110308.6497923015,flange_ring_tilt_all_-90,upperarm_cap_2_tilt_all_0,upperarm_ring_tilt_all_60,upperarm_ring_x_-0.11,32
895,110306.6064269293,flange_ring_tilt_all_-90,forearm_cap_1_tilt_all_0,upperarm_ring_tilt_all_45,wrist_cap_1_tilt_all_-45,32
896,110306.4768254164,flange_ring_tilt_all_-90,forearm_cap_1_tilt_all_15,forearm_ring_x_-0.25,upperarm_cap_2_tilt_all_-15,32
897,110296.2279900859,flange_ring_tilt_all_-90,forearm_cap_1_tilt_all_10,forearm_ring_x_-0.50,upperarm_cap_1_tilt_all_-10,32
898,110294.5956483425,flange_ring_tilt_all_-90,forearm_cap_1_tilt_all_0,forearm_cap_2_tilt_all_30,upperarm_cap_2_tilt_all_-30,32
899,110293.2277233778,flange_ring_tilt_all_-90,forearm_cap_1_tilt_all_0,upperarm_ring_tilt_all_45,wrist_cap_2_tilt_all_10,32
900,110289.7805631694,flange_ring_tilt_all_-90,base_cap_tilt_all_0,forearm_cap_2_tilt_all_15,upperarm_cap_1_tilt_all_0,32
901,110285.5023218217,flange_ring_tilt_all_-90,forearm_cap_1_tilt_all_30,upperarm_cap_1_tilt_all_-10,upperarm_cap_2_tilt_all_-10,32
902,110263.4071678338,flange_ring_tilt_all_-90,base_cap_tilt_all_-45,forearm_cap_1_tilt_all_0,upperarm_cap_1_tilt_all_-30,32
903,110260.2922439570,flange_ring_tilt_all_-90,forearm_cap_2_tilt_all_30,upperarm_cap_1_tilt_all_0,upperarm_ring_tilt_all_45,32
904,110250.5648546706,flange_ring_tilt_all_-90,forearm_cap_2_tilt_all_30,upperarm_cap_1_tilt_all_0,wrist_cap_2_tilt_all_30,32
905,110249.9476403380,flange_ring_tilt_all_-90,forearm_cap_1_tilt_all_10,upperarm_ring_tilt_all_60,wrist_cap_2_tilt_all_10,32
906,110249.8168650753,flange_ring_tilt_all_-90,forearm_cap_2_tilt_all_10,forearm_cap_2_tilt_all_30,upperarm_cap_1_tilt_all_0,32
907,110249.2611171763,flange_ring_tilt_all_-90,base_cap_tilt_all_-45,forearm_cap_1_tilt_all_30,upperarm_cap_2_tilt_all_-15,32
908,110248.9411671854,flange_ring_tilt_all_-90,forearm_cap_1_tilt_all_10,upperarm_cap_1_tilt_all_-10,upperarm_cap_2_tilt_all_-15,32
909,110246.5774961523,flange_ring_tilt_all_-90,forearm_cap_2_tilt_all_30,upperarm_cap_2_tilt_all_0,wrist_cap_1_tilt_all_-15,32
910,110242.9593576341,flange_ring_tilt_all_-90,flange_ring_tilt_all_0,forearm_cap_1_tilt_all_10,upperarm_cap_2_tilt_all_-10,32
911,110238.3557666601,flange_ring_tilt_all_-90,flange_ring_tilt_all_-15,forearm_cap_1_tilt_all_10,upperarm_cap_1_tilt_all_-15,32
912,110236.4359599782,flange_ring_tilt_all_-90,forearm_cap_2_tilt_all_30,upperarm_cap_1_tilt_all_-10,wrist_cap_2_tilt_all_0,32
913,110236.2025081431,flange_ring_tilt_all_-90,forearm_cap_1_tilt_all_0,forearm_cap_2_tilt_all_15,upperarm_cap_2_tilt_all_-10,32
914,110234.6705461831,flange_ring_tilt_all_-90,forearm_cap_1_tilt_all_15,forearm_ring,upperarm_cap_2_tilt_all_-15,32
915,110234.6705461831,flange_ring_tilt_all_-90,forearm_cap_1_tilt_all_15,forearm_ring_x_-0.10,upperarm_cap_2_tilt_all_-15,32
916,110233.7063771193,flange_ring_tilt_all_-90,base_cap_tilt_all_-30,forearm_cap_1_tilt_all_30,upperarm_cap_2_tilt_all_-15,32
917,110233.5516140774,flange_ring_tilt_all_-90,forearm_cap_1_tilt_all_15,upperarm_cap_1_tilt_all_-15,upperarm_ring_x_-0.21,32
918,110232.3286562901,flange_ring_tilt_all_-90,forearm_cap_1_tilt_all_30,upperarm_cap_1_tilt_all_0,wrist_cap_1_tilt_all_0,32
919,110231.4069457590,flange_ring_tilt_all_-90,forearm_cap_1_tilt_all_15,forearm_ring_x_-0.35,upperarm_cap_1_tilt_all_-15,32
920,110227.0944716687,flange_ring_tilt_all_-90,flange_ring_tilt_all_0,forearm_cap_1_tilt_all_10,upperarm_cap_2_tilt_all_-15,32
921,110226.6000617531,flange_ring_tilt_all_-90,forearm_cap_1_tilt_all_10,upperarm_ring_tilt_all_60,upperarm_ring_x_-0.46,32
922,110223.5548406470,flange_ring_tilt_all_-90,base_cap_tilt_all_0,forearm_cap_2_tilt_all_10,upperarm_cap_1_tilt_all_-15,32
923,110217.9514002217,flange_ring_tilt_all_-90,flange_ring_tilt_all_0,forearm_cap_2_tilt_all_15,upperarm_cap_2_tilt_all_-10,32
924,110217.3683570941,flange_ring_tilt_all_-90,forearm_cap_1_tilt_all_10,upperarm_cap_1_tilt_all_-10,upperarm_ring_tilt_all_0,32
925,110217.3683570941,flange_ring_tilt_all_-90,forearm_cap_1_tilt_all_10,upperarm_cap_1_tilt_all_-10,upperarm_ring_x_-0.11,32
926,110200.1343970264,flange_ring_tilt_all_-90,base_cap_tilt_all_-15,forearm_cap_2_tilt_all_0,upperarm_cap_1_tilt_all_-15,32
927,110197.0054329441,flange_ring_tilt_all_-90,forearm_cap_1_tilt_all_0,upperarm_ring_tilt_all_45,wrist_cap_2_tilt_all_15,32
928,110195.0876480130,flange_ring_tilt_all_-90,base_cap_tilt_all_0,forearm_cap_2_tilt_all_15,upperarm_cap_2_tilt_all_-15,32
929,110192.0422562049,flange_ring_tilt_all_-90,forearm_cap_1_tilt_all_10,forearm_ring_x_-0.25,upperarm_cap_2_tilt_all_-15,32
930,110191.9596311235,flange_ring_tilt_all_-90,base_cap_tilt_all_-30,forearm_cap_1_tilt_all_30,upperarm_cap_1_tilt_all_0,32
931,110191.4689288481,flange_ring_tilt_all_-90,forearm_cap_1_tilt_all_0,upperarm_cap_1_tilt_all_-15,wrist_cap_2_tilt_all_15,32
932,110186.2622380030,flange_ring_tilt_all_-90,forearm_cap_1_tilt_all_0,upperarm_ring_tilt_all_45,wrist_cap_2_tilt_all_30,32
933,110186.1292658064,flange_ring_tilt_all_-90,forearm_cap_1_tilt_all_10,forearm_cap_2_tilt_all_45,upperarm_cap_2_tilt_all_-15,32
934,110184.9548800722,flange_ring_tilt_all_-90,forearm_cap_1_tilt_all_15,forearm_ring_x_-0.20,upperarm_cap_2_tilt_all_0,32
935,110184.8693040498,flange_ring_tilt_all_-90,forearm_cap_2_tilt_all_15,upperarm_ring_tilt_all_60,upperarm_ring_x_-0.26,32
936,110181.9923614787,flange_ring_tilt_all_-90,forearm_cap_2_tilt_all_15,upperarm_cap_2_tilt_all_-10,wrist_cap_2_tilt_all_0,32
937,110181.8371802603,flange_ring_tilt_all_-90,forearm_cap_2_tilt_all_15,forearm_cap_2_tilt_all_45,upperarm_cap_1_tilt_all_-15,32
938,110180.4755015028,flange_ring_tilt_all_-90,base_cap_tilt_all_0,forearm_cap_2_tilt_all_10,upperarm_cap_2_tilt_all_-10,32
939,110179.2672541190,flange_ring_tilt_all_-90,base_cap_tilt_all_-15,forearm_cap_1_tilt_all_30,upperarm_cap_2_tilt_all_0,32
940,110173.1057262237,flange_ring_tilt_all_-90,forearm_cap_1_tilt_all_0,upperarm_cap_1_tilt_all_-15,wrist_cap_2_tilt_all_30,32
941,110171.3507725472,flange_ring_tilt_all_-90,forearm_cap_1_tilt_all_10,forearm_cap_2_tilt_all_45,upperarm_cap_2_tilt_all_-10,32
942,110167.8915596568,flange_ring_tilt_all_-90,forearm_cap_1_tilt_all_15,forearm_ring_x_-0.50,upperarm_cap_1_tilt_all_-10,32
943,110163.4815219327,flange_ring_tilt_all_-90,base_cap_tilt_all_0,forearm_cap_2_tilt_all_10,upperarm_cap_2_tilt_all_-15,32
944,110161.6394552966,flange_ring_tilt_all_-90,forearm_cap_1_tilt_all_0,forearm_cap_2_tilt_all_45,upperarm_cap_2_tilt_all_-10,32
945,110161.2472273079,flange_ring_tilt_all_-90,forearm_cap_1_tilt_all_30,forearm_cap_2_tilt_all_15,upperarm_cap_2_tilt_all_-10,32
946,110161.0573965948,flange_ring_tilt_all_-90,flange_ring_tilt_all_-30,forearm_cap_1_tilt_all_15,upperarm_cap_1_tilt_all_0,32
947,110159.8206610618,flange_ring_tilt_all_-90,forearm_cap_1_tilt_all_15,upperarm_cap_2_tilt_all_-10,upperarm_ring_x_-0.51,32
948,110157.8839476904,flange_ring_tilt_all_-90,forearm_cap_1_tilt_all_15,upperarm_cap_1_tilt_all_0,wrist_cap_2_tilt_all_60,32
949,110153.7157196810,flange_ring_tilt_all_-90,forearm_cap_2_tilt_all_10,forearm_cap_2_tilt_all_60,upperarm_cap_2_tilt_all_-15,32
950,110152.9926085160,flange_ring_tilt_all_-90,base_cap_tilt_all_-60,forearm_cap_2_tilt_all_10,upperarm_cap_1_tilt_all_-15,32
951,110147.3975598298,flange_ring_tilt_all_-90,forearm_cap_1_tilt_all_10,forearm_ring,upperarm_cap_2_tilt_all_-15,32
952,110147.3975598298,flange_ring_tilt_all_-90,forearm_cap_1_tilt_all_10,forearm_ring_x_-0.10,upperarm_cap_2_tilt_all_-15,32
953,110143.8599687888,flange_ring_tilt_all_-90,base_cap_tilt_all_-15,forearm_cap_1_tilt_all_15,upperarm_ring_tilt_all_60,32
954,110141.2285423297,flange_ring_tilt_all_-90,upperarm_cap_2_tilt_all_0,upperarm_ring_tilt_all_45,wrist_cap_1_tilt_all_-10,32
955,110138.3220960854,flange_ring_tilt_all_-90,base_cap_tilt_all_-45,upperarm_cap_2_tilt_all_0,wrist_cap_2_tilt_all_15,32
956,110138.1324535233,flange_ring_tilt_all_-90,forearm_cap_1_tilt_all_15,forearm_ring_x_-0.15,upperarm_cap_2_tilt_all_0,32
957,110136.4241046417,flange_ring_tilt_all_-90,base_cap_tilt_all_-15,forearm_cap_1_tilt_all_10,upperarm_cap_2_tilt_all_0,32
958,110133.7762568658,flange_ring_tilt_all_-90,base_cap_tilt_all_-60,forearm_cap_1_tilt_all_30,upperarm_cap_2_tilt_all_-10,32
959,110132.9850016560,flange_ring_tilt_all_-90,base_cap_tilt_all_-45,forearm_cap_1_tilt_all_10,upperarm_ring_tilt_all_60,32
960,110122.5843634694,flange_ring_tilt_all_-90,forearm_cap_1_tilt_all_30,upperarm_cap_2_tilt_all_0,wrist_cap_2_tilt_all_0,32
961,110117.1969929949,flange_ring_tilt_all_-90,forearm_cap_2_tilt_all_10,upperarm_ring_tilt_all_60,upperarm_ring_x_-0.31,32
962,110115.9905461816,flange_ring_tilt_all_-90,upperarm_cap_2_tilt_all_0,upperarm_ring_tilt_all_45,wrist_cap_1_tilt_all_-15,32
963,110114.8511011272,flange_ring_tilt_all_-90,flange_ring_tilt_all_-30,forearm_cap_1_tilt_all_15,upperarm_cap_1_tilt_all_-10,32
964,110111.7701442541,flange_ring_tilt_all_-90,base_cap_tilt_all_-15,forearm_cap_1_tilt_all_0,upperarm_cap_2_tilt_all_-10,32
965,110105.1950264502,flange_ring_tilt_all_-90,forearm_cap_1_tilt_all_30,upperarm_cap_1_tilt_all_0,wrist_cap_1_tilt_all_-45,32
966,110101.0029655787,flange_ring_tilt_all_-90,forearm_cap_2_tilt_all_30,upperarm_cap_1_tilt_all_-10,wrist_cap_2_tilt_all_10,32
967,110100.9460125626,flange_ring_tilt_all_-90,forearm_cap_1_tilt_all_10,upperarm_cap_1_tilt_all_-10,upperarm_cap_2_tilt_all_0,32
968,110092.9243038227,flange_ring_tilt_all_-90,forearm_cap_1_tilt_all_0,forearm_cap_1_tilt_all_45,upperarm_cap_2_tilt_all_-30,32
969,110091.8214742665,flange_ring_tilt_all_-90,forearm_cap_1_tilt_all_0,upperarm_cap_1_tilt_all_-10,wrist_cap_2_tilt_all_10,32
970,110090.7531805525,flange_ring_tilt_all_-90,forearm_cap_2_tilt_all_15,upperarm_ring_tilt_all_0,upperarm_ring_tilt_all_60,32
971,110090.7531805525,flange_ring_tilt_all_-90,forearm_cap_2_tilt_all_15,upperarm_ring_tilt_all_60,upperarm_ring_x_-0.11,32
972,110086.7100097126,flange_ring_tilt_all_-90,forearm_cap_1_tilt_all_0,upperarm_cap_2_tilt_all_-15,upperarm_ring_tilt_all_30,32
973,110080.6638999499,flange_ring_tilt_all_-90,forearm_cap_1_tilt_all_30,upperarm_cap_2_tilt_all_0,wrist_cap_2_tilt_all_10,32
974,110075.7820726172,flange_ring_tilt_all_-90,forearm_cap_2_tilt_all_30,upperarm_cap_2_tilt_all_-10,wrist_cap_1_tilt_all_-30,32
975,110073.4224982420,flange_ring_tilt_all_-90,base_cap_tilt_all_-30,forearm_cap_1_tilt_all_0,upperarm_cap_1_tilt_all_-30,32
976,110072.9745648822,flange_ring_tilt_all_-90,forearm_cap_2_tilt_all_30,upperarm_cap_2_tilt_all_0,wrist_cap_2_tilt_all_0,32
977,110072.2810201968,flange_ring_tilt_all_-90,forearm_cap_2_tilt_all_15,upperarm_cap_2_tilt_all_-15,upperarm_ring_tilt_all_30,32
978,110069.3099978167,flange_ring_tilt_all_-90,base_cap_tilt_all_-10,forearm_cap_2_tilt_all_15,upperarm_cap_2_tilt_all_0,32
979,110061.9402104365,flange_ring_tilt_all_-90,forearm_cap_1_tilt_all_30,upperarm_cap_2_tilt_all_0,wrist_cap_2_tilt_all_15,32
980,110059.3323206453,flange_ring_tilt_all_-90,forearm_cap_1_tilt_all_10,forearm_ring_x_-0.45,upperarm_cap_1_tilt_all_0,32
981,110058.4296118143,flange_ring_tilt_all_-90,forearm_cap_1_tilt_all_10,upperarm_cap_1_tilt_all_0,upperarm_ring_x_-0.16,32
982,110056.0365488929,flange_ring_tilt_all_-90,forearm_cap_2_tilt_all_15,upperarm_cap_2_tilt_all_-10,wrist_cap_2_tilt_all_10,32
983,110050.4325834716,flange_ring_tilt_all_-90,base_cap_tilt_all_-45,forearm_cap_2_tilt_all_0,upperarm_cap_1_tilt_all_0,32
984,110041.9750566758,flange_ring_tilt_all_-90,flange_ring_tilt_all_-15,forearm_cap_2_tilt_all_15,upperarm_cap_1_tilt_all_-10,32
985,110041.8075746309,flange_ring_tilt_all_-90,base_cap_tilt_all_0,forearm_cap_2_tilt_all_15,upperarm_cap_1_tilt_all_-15,32
986,110039.0027570353,flange_ring_tilt_all_-90,upperarm_cap_2_tilt_all_0,upperarm_ring_tilt_all_60,wrist_cap_2_tilt_all_15,32
987,110036.3577055445,flange_ring_tilt_all_-90,flange_ring_tilt_all_-10,forearm_cap_1_tilt_all_15,upperarm_cap_2_tilt_all_-10,32
988,110036.1186044984,flange_ring_tilt_all_-90,forearm_cap_1_tilt_all_15,upperarm_cap_2_tilt_all_-10,upperarm_ring_x_-0.46,32
989,110031.3863477988,flange_ring_tilt_all_-90,forearm_cap_1_tilt_all_0,upperarm_ring_tilt_all_10,upperarm_ring_tilt_all_45,32
990,110026.6321102603,flange_ring_tilt_all_-90,base_cap_tilt_all_-15,forearm_cap_2_tilt_all_0,upperarm_ring_tilt_all_60,32
991,110026.5353266103,flange_ring_tilt_all_-90,forearm_cap_1_tilt_all_10,forearm_ring_x_-0.45,upperarm_cap_1_tilt_all_-15,32
992,110026.1419875481,flange_ring_tilt_all_-90,upperarm_cap_2_tilt_all_0,upperarm_ring_tilt_all_45,wrist_cap_2_tilt_all_0,32
993,110023.3079759993,flange_ring_tilt_all_-90,forearm_cap_1_tilt_all_45,forearm_cap_2_tilt_all_15,upperarm_cap_1_tilt_all_0,32
994,110018.2671389738,flange_ring_tilt_all_-90,forearm_cap_2_tilt_all_15,upperarm_cap_1_tilt_all_0,wrist_cap_1_tilt_all_-10,32
995,110013.9107298956,flange_ring_tilt_all_-90,forearm_cap_2_tilt_all_45,upperarm_cap_2_tilt_all_0,upperarm_ring_tilt_all_60,32
996,110011.9507057878,flange_ring_tilt_all_-90,forearm_cap_2_tilt_all_30,upperarm_cap_2_tilt_all_0,wrist_cap_1_tilt_all_-10,32
997,110011.0112861466,flange_ring_tilt_all_-90,base_cap_tilt_all_-15,forearm_cap_2_tilt_all_30,upperarm_cap_2_tilt_all_0,32
998,110009.5475091114,flange_ring_tilt_all_-90,forearm_cap_1_tilt_all_10,upperarm_ring_tilt_all_60,wrist_cap_2_tilt_all_15,32
999,110008.4255786514,flange_ring_tilt_all_-90,forearm_cap_2_tilt_all_15,upperarm_cap_1_tilt_all_-15,wrist_cap_2_tilt_all_0,32
1000,109999.5394709718,flange_ring_tilt_all_-90,forearm_cap_1_tilt_all_10,upperarm_cap_2_tilt_all_0,wrist_cap_1_tilt_all_-45,32
